ID,Title,Price,Miles
b1,2015 Ford Mustang GT Premium,28620,43017
b2,2020 Ford Escape SE,23598,17509
b3,2021 Mercedes-Benz A 35 AMG 4MATIC,44464,17962
b4,2021 Ford Mustang Mach-E Premium,37885,8040
b5,2019 Toyota RAV4 LE,28617,33746
b6,2019 GMC Acadia SLE,24894,37421
b7,2023 Hyundai Santa Cruz SEL,31967,5976
b8,2020 Acura ILX,25488,18958
b9,2020 Honda Accord EX-L,28755,25883
b10,2015 Porsche Macan Turbo,35900,72573
b11,2019 Toyota Corolla XSE,20995,35799
b12,2019 Subaru Impreza 2.0i Premium,21995,26931
b13,2018 Volkswagen Passat 2.0T SE,20994,42212
b14,2020 Ford EcoSport Titanium,22998,12862
b15,2017 Ford Transit 150 130" Low Roof,28942,80179
b16,2020 Lincoln MKZ Reserve,34994,22363
b17,2022 Ford Bronco Sport Badlands,35701,4283
b18,2021 Alfa Romeo Stelvio Ti Sport,39999,10359
b19,2022 Volkswagen ID.4 Pro S,41727,8705
b20,2020 Ford F150 Lariat,43975,44026
b21,2020 Chevrolet Silverado 1500 RST,44998,24695
b22,2019 Lincoln Navigator Reserve,56568,35233
b23,2022 Ford Bronco Badlands,63460,3102
b24,2021 Ford Expedition Max King Ranch,68438,14579
b25,2019 Ford F350 King Ranch,72434,21892
b26,2017 Subaru Forester 2.5i Touring,24098,52887
b27,2021 Volvo XC90 T6 Inscription,51799,19526
b28,2020 Land Rover Defender 110,69994,17103
b29,2019 MAZDA CX-5 Touring,23671,34572
b30,2020 MAZDA CX-5 Sport,24006,28291
b31,2020 MAZDA CX-5 Sport,24146,25798
b32,2021 MAZDA CX-30 FWD 2.5 S,23387,19077
b33,2019 Cadillac XT5 Luxury,31690,39334
b34,2021 Cadillac XT4 Premium Luxury,36890,17669
b35,2020 Cadillac XT6 Sport,44790,22535
b36,2020 Acura TLX SH-AWD,31400,17908
b37,2020 Lexus NX 300 AWD,37800,14725
b38,2022 Lexus ES 350,41000,9823
b39,2019 Lexus GX 460,41000,38001
b40,2022 Kia EV6 Wind,41500,3233
b41,2020 Toyota RAV4 XLE,32194,24477
b42,2020 Jeep Grand Cherokee Limited,34210,17795
b43,2019 Toyota Sequoia Platinum,51348,52550
b44,2014 Toyota FJ Cruiser 4WD,35500,70325
b45,2020 Ford Fusion SE,22692,19498
b46,2022 Kia Forte GT,23994,6496
b47,2020 Ford Escape Titanium,29388,10048
b48,2019 Toyota RAV4 Limited,33964,38573
b49,2019 Ford Ranger XLT,34998,34517
b50,2018 Kia Stinger GT2,35473,30943
b51,2020 Acura TLX V6 SH-AWD,36284,10543
b52,2019 Ford Explorer Platinum,36393,37549
b53,2019 Acura RDX AWD,37888,29188
b54,2020 Acura TLX,26285,16342
b55,2021 Honda Passport Elite,37585,13332
b56,2021 BMW X3 xDrive30e,41965,15637
b57,2017 Toyota Prius Two,23372,28461
b58,2020 Honda Accord EX,25799,29963
b59,2020 Subaru Legacy Limited XT,30550,26964
b60,2014 Mercedes-Benz S 550 Sedan,36443,60347
b61,2018 Buick Regal Preferred,19913,33315
b62,2020 Buick Encore GX Select,23734,12652
b63,2023 Nissan Frontier PRO-4X,42751,270
b64,2017 RAM 1500 Limited,33994,50338
b65,2020 Ford Fusion SE,23370,14346
b66,2017 GMC Sierra 2500 Denali,53516,52721
b67,2020 Acura TLX,27988,27616
b68,2021 Honda Accord Sport Special Edition,29388,18951
b69,2016 Toyota Tacoma TRD Off-Road,33900,69912
b70,2020 Acura RDX AWD,39955,31304
b71,2020 Acura RDX AWD,40900,32096
b72,2020 Audi e-tron Prestige,50990,20699
b73,2021 Audi e-tron Premium Plus,53990,12548
b74,2020 Audi A8 L 4.0T,67990,4026
b75,2020 Jeep Renegade Sport,20500,21290
b76,2021 Subaru Crosstrek 2.5i Limited,28995,20268
b77,2021 Honda CR-V EX-L,31995,13005
b78,2023 Toyota Sienna Platinum,59995,10464
b79,2018 Ford Mustang Premium,23474,57329
b80,2020 Ford Fusion SE,23526,24180
b81,2014 Lexus IS 350 AWD,23913,82723
b82,2020 Ford Edge SE,26994,11005
b83,2022 Honda Accord Sport Special Edition,29960,12494
b84,2020 GMC Terrain SLT,29999,26777
b85,2020 Ford Escape Titanium,31617,10771
b86,2019 Ford Ranger Lariat,32999,44911
b87,2018 Ford F150 XLT,34500,60758
b88,2020 BMW M240i xDrive Convertible,43727,25418
b89,2021 Lexus GX 460 Premium,51905,14517
b90,2017 Mercedes-Benz E 300 4MATIC,24598,79151
b91,2016 Honda Pilot Elite,28598,58882
b92,2020 Volvo XC40 T5 Momentum,32798,28648
b93,2021 Volvo XC40 T5 R-Design,37273,23776
b94,2021 Tesla Model 3 Long Range,39598,29002
b95,2005 Toyota Sienna LE,5672,161206
b96,2021 Kia Seltos LX,21731,16128
b97,2020 MAZDA CX-9 Grand Touring,31922,19459
b98,2016 Dodge Challenger SXT,20422,62988
b99,2019 Lincoln MKZ Reserve,29458,35895
b100,2020 Ford Explorer XLT,33252,25883
b101,2019 Lexus IS 300 AWD,33998,19689
b102,2020 Ford F150 XLT,40996,26462
b103,2021 Ford F150 Lariat,49996,6422
b104,2020 Lincoln Navigator Reserve,58165,18466
b105,2021 Hyundai Venue,23971,19042
b106,2018 Kia Forte LX,14019,40968
b107,2017 GMC Acadia Denali,27672,44539
b108,2023 MAZDA CX-5 AWD 2.5 S,35000,6798
b109,2016 Kia Sportage EX,16296,72444
b110,2019 Volkswagen Jetta SE,19843,42557
b111,2019 Chevrolet Equinox Premier,25110,39288
b112,2020 Nissan Altima 2.5 SL,25717,20386
b113,2005 BMW 325i Sedan,3999,175197
b114,2016 Honda CR-V SE,19999,45792
b115,2019 Honda Civic LX,20700,25786
b116,2020 Honda Civic LX,22310,25339
b117,2020 Honda CR-V LX,27421,31896
b118,2020 Honda Accord EX-L,29898,8824
b119,2020 Honda Ridgeline Black Edition,34999,16226
b120,2020 Ford F150 XL,38995,29300
b121,2021 Ford Mustang Mach-E Premium,39977,19973
b122,2019 Cadillac XT5 Luxury,28990,47063
b123,2021 Ford Bronco Sport Big Bend,29190,25210
b124,2019 Cadillac XT5 Luxury,30490,49723
b125,2019 Cadillac XT5 Luxury,30889,44456
b126,2019 Cadillac XT5 Luxury,31249,45325
b127,2020 Cadillac CT4 Premium Luxury,33890,40659
b128,2021 Hyundai Kona Limited,25776,17506
b129,2021 Toyota RAV4 XLE,31376,15908
b130,2022 Volkswagen Taos SEL,30994,4559
b131,2023 Volkswagen ID.4 Pro S,41996,3396
b132,2018 Honda CR-V EX-L,26200,46061
b133,2020 Acura RDX SH-AWD,34900,23326
b134,2019 Lexus ES 350,36500,19015
b135,2019 Lexus ES 300h,38000,26176
b136,2019 Lexus RX 350 AWD,40000,25820
b137,2019 Lexus GX 460,40000,46372
b138,2022 Lexus RC 300,45500,3081
b139,2018 Ford Mustang Shelby GT350,60500,10275
b140,2021 Lexus LS 500 AWD,65000,18758
b141,2017 Dodge Charger SE,22117,50663
b142,2020 Toyota Camry SE,27517,17713
b143,2020 Toyota RAV4 XLE,30602,16722
b144,2019 Toyota RAV4 XLE,31277,23079
b145,2019 Toyota RAV4 XLE,31342,29604
b146,2021 Toyota RAV4 XLE,32716,16357
b147,2020 Toyota RAV4 XLE,32808,14834
b148,2019 Toyota RAV4 XLE,33208,35255
b149,2019 Toyota RAV4 Limited,33612,39322
b150,2019 Toyota RAV4 Adventure,33987,32897
b151,2019 Toyota RAV4 Limited,35047,24350
b152,2016 Tesla Model S P90D,36817,70874
b153,2021 Toyota Venza XLE,37287,24608
b154,2020 Toyota Tacoma TRD Sport,39894,20842
b155,2019 Lexus IS 300 AWD,32500,18443
b156,2022 Jeep Cherokee Limited,32750,9818
b157,2021 Toyota RAV4 XLE,33100,13105
b158,2020 Toyota RAV4 Limited,36300,32660
b159,2020 Kia Sportage LX,20595,25569
b160,2018 Ford Explorer XLT,23595,71222
b161,2018 Subaru Crosstrek 2.0i Limited,23994,31684
b162,2021 Kia Seltos EX,23994,16659
b163,2022 Kia Seltos SX,27867,8360
b164,2021 Chevrolet TrailBlazer RS,31995,24031
b165,2021 Lexus IS 350 F Sport,44595,18110
b166,2021 Chevrolet Camaro SS,47995,8226
b167,2020 Ford Fusion SE,20979,40387
b168,2018 Jeep Cherokee Trailhawk,23998,56251
b169,2019 INFINITI QX50 Pure,29988,31949
b170,2019 Lexus NX 300 AWD,33319,25418
b171,2020 MAZDA CX-9 Signature,34376,35525
b172,2020 Acura RDX SH-AWD,35493,22939
b173,2017 Lexus RX 350 F Sport,36586,48989
b174,2019 Ford F150 Lariat,39588,40883
b175,2020 Ford F150 Lariat,41941,31790
b176,2020 Ford F150 Lariat,43997,32908
b177,2019 Toyota Tundra Limited,44497,43484
b178,2020 Ford F150 Lariat,45989,28173
b179,2022 RAM 1500 Limited,57698,13134
b180,2023 Audi SQ5 Prestige,66497,6849
b181,2016 Jeep Renegade Trailhawk,20550,47003
b182,2019 Honda CR-V LX,23925,43317
b183,2020 Hyundai Tucson Limited,24985,34585
b184,2017 Honda CR-V LX,25725,30162
b185,2020 Honda CR-V LX,27255,20744
b186,2021 Honda HR-V EX,27991,11315
b187,2020 Honda CR-V EX,30628,11405
b188,2022 Honda Accord Sport Special Edition,30855,8925
b189,2023 Honda CR-V EX,33268,4355
b190,2020 Lexus RX 350 AWD,40865,29431
b191,2020 GMC Acadia Denali,39395,24217
b192,2021 Chevrolet Suburban LT,61895,26815
b193,2013 Hyundai Accent SE,7176,107360
b194,2012 Honda Accord LX,11998,92909
b195,2018 Chevrolet Equinox LT,18567,65856
b196,2015 Audi A6 3.0T Premium Plus,18957,89399
b197,2020 Honda HR-V LX,22329,23001
b198,2019 Honda Accord EX,22454,42529
b199,2020 Honda Accord LX,22899,34502
b200,2021 Honda Civic EX,26800,16352
b201,2021 Jeep Cherokee Latitude Plus,27057,12528
b202,2020 Honda Accord EX-L,27234,41147
b203,2020 Subaru Forester Limited,30942,23942
b204,2021 Honda Accord Touring,35777,17378
b205,2018 Kia Optima LX,14998,64036
b206,2018 Chevrolet Equinox LT,17933,63758
b207,2019 Kia Sorento LX,20711,28083
b208,2019 Chevrolet Equinox LT,21439,56163
b209,2020 Jeep Compass Latitude,22717,31742
b210,2021 Ford EcoSport SES,22993,22769
b211,2020 Ford Escape SE,22997,21995
b212,2020 Jeep Renegade Limited,23811,15205
b213,2019 Ford Escape Titanium,24384,38221
b214,2020 Jeep Compass Limited,24989,29180
b215,2021 Jeep Compass Limited,24996,13508
b216,2020 Jeep Cherokee Latitude Plus,26511,34151
b217,2020 Jeep Grand Cherokee Limited,31919,29951
b218,2017 Chevrolet Silverado 1500 LTZ Z71,32842,85108
b219,2020 Ford Explorer XLT,33949,29007
b220,2021 Jeep Grand Cherokee Limited,35613,24069
b221,2021 Jeep Grand Cherokee Limited,36872,20234
b222,2023 Subaru Outback Wilderness,38668,7345
b223,2023 Subaru Outback Wilderness,38678,8350
b224,2023 Subaru Outback Wilderness,38726,5915
b225,2021 Jeep Grand Cherokee L Limited,41936,15994
b226,2010 Subaru Forester 2.5X,5994,143974
b227,2012 RAM 1500 Laramie,18729,116307
b228,2020 Mitsubishi Outlander Sport ES,19966,14659
b229,2020 Honda Civic Si,25944,36612
b230,2021 Jeep Cherokee Latitude Lux,26540,13543
b231,2017 RAM 1500 Limited,29994,84309
b232,2021 Ford Explorer XLT,34544,18718
b233,2016 Cadillac CTS Luxury,21995,50152
b234,2020 Lincoln Corsair Reserve,40000,14820
b235,2020 Lincoln Corsair Reserve,41487,7692
b236,2020 BMW 750i xDrive,52995,39969
b237,2002 Toyota Camry XLE,3997,133468
b238,2019 Kia Sorento LX,19370,44886
b239,2019 Chrysler Pacifica Limited,35000,24120
b240,2015 Nissan Rogue SV,14990,73012
b241,2017 Lincoln MKC Premiere,20590,53760
b242,2020 Subaru Legacy Limited,28990,9458
b243,2021 Subaru Crosstrek 2.0i Premium,28990,9170
b244,2021 Subaru Legacy Limited XT,32770,17799
b245,2020 Hyundai Tucson Sport,23967,28577
b246,2021 Hyundai Kona SE,20205,18358
b247,2017 Genesis G80 3.8,23444,52991
b248,2020 Honda CR-V EX,28478,16661
b249,2020 BMW M4 Convertible,61329,27127
b250,2022 GMC Sierra 1500 Denali,62566,2764
b251,2022 RAM 3500 Tradesman,53293,763
b252,2018 Acura RDX AWD,26744,44715
b253,2022 Mercedes-Benz GLC 300 4MATIC,39999,6356
b254,2020 Audi TTS 2.0T Coupe,48869,23715
b255,2022 Lexus RX 350 F Sport,51796,5943
b256,2020 BMW M4 Convertible,60963,16570
b257,2020 Alfa Romeo Giulia,28997,18336
b258,2011 Dodge Challenger SRT8,29995,30221
b259,2017 Volvo S60 T6 R-Design Platinum,22288,73030
b260,2020 Volkswagen Tiguan S,23988,31449
b261,2016 Lexus NX 200t AWD,24588,79212
b262,2018 Acura RDX AWD,30900,59957
b263,2021 Honda CR-V Touring,35588,24215
b264,2020 Acura RDX AWD,40900,38860
b265,2018 Ford Taurus SEL,23247,31711
b266,2019 Honda Accord Sport,26242,29422
b267,2020 Cadillac XT6 Sport,44168,21541
b268,2020 Toyota RAV4 XLE,30999,16706
b269,2017 Nissan Titan Platinum Reserve,38995,26309
b270,2020 Hyundai Elantra SEL,18875,19846
b271,2020 Nissan Sentra SV,19999,26252
b272,2021 Nissan Sentra SV,22499,18258
b273,2020 Buick Encore GX Select,22999,20001
b274,2016 Toyota Prius Four,22999,48476
b275,2021 Toyota C-HR LE,24490,19416
b276,2018 Kia Sportage EX,24700,28470
b277,2021 Nissan Rogue S,25999,17742
b278,2020 Kia Sportage SX,28400,26808
b279,2021 Nissan Rogue SV,28899,10622
b280,2020 Kia Stinger GT-Line,32999,13200
b281,2020 Hyundai Elantra SEL,18345,19410
b282,2020 Toyota C-HR XLE,25573,14430
b283,2020 Honda Accord Sport,25600,28228
b284,2019 Mitsubishi Outlander GT,26300,31450
b285,2022 Toyota Camry SE,28995,7739
b286,2021 Lexus UX 250h,34979,13583
b287,2022 Toyota Tacoma SR5,37333,4849
b288,2022 Toyota Avalon Touring,41722,9555
b289,2021 Toyota Sienna XLE,47222,14166
b290,2015 Honda Accord LX,17995,48777
b291,2016 Jeep Cherokee Limited,19995,55357
b292,2015 GMC Canyon SLE,20995,96428
b293,2019 Toyota Corolla SE,20995,32867
b294,2022 Nissan Sentra SV,20995,30244
b295,2020 Ford EcoSport SE,20995,16383
b296,2019 Chevrolet Equinox LT,21995,37555
b297,2020 Toyota C-HR LE,23995,28098
b298,2017 Jeep Grand Cherokee Limited,23995,69713
b299,2017 Honda CR-V LX,24995,23035
b300,2019 Chevrolet Equinox Premier,26612,29790
b301,2019 Subaru Crosstrek 2.0i Limited,26995,38831
b302,2022 Toyota Corolla Cross LE,29995,7392
b303,2020 Toyota RAV4 LE,31600,32968
b304,2018 Toyota Highlander SE,32500,33970
b305,2022 Toyota RAV4 Limited,39995,8131
b306,2019 Jeep Wrangler Unlimited Rubicon,41995,49287
b307,2020 Toyota Tundra SR5,44995,38418
b308,2004 Mercury Mountaineer AWD V8,7460,125056
b309,1999 Ford Mustang Cobra,14681,100781
b310,2017 Ford Escape Titanium,18989,68820
b311,2018 Hyundai Kona Ultimate,21495,48690
b312,2017 RAM 1500 Big Horn,26999,72373
b313,2015 Ford F150 XLT,29487,81350
b314,2020 Ford Edge SEL,30236,21559
b315,2020 Lincoln MKZ Reserve,32992,42300
b316,2020 Ford Ranger XLT,34458,41523
b317,2020 Ford F150 XLT,34997,43080
b318,2021 Land Rover Discovery Sport S R-Dynamic,37848,15691
b319,2020 Ford F150 XLT,39849,33978
b320,2019 Ford Mustang GT Premium,44825,17155
b321,2021 Ford Mustang GT Premium,47172,8024
b322,2020 Ford Expedition XLT,48522,41635
b323,2017 Honda CR-V LX,22528,60445
b324,2020 Volvo V60 T5 Cross Country,36596,31369
b325,2023 Nissan Rogue S,27995,2225
b326,2020 Honda Civic LX,21123,22293
b327,2020 MAZDA CX-5 Sport,24275,26608
b328,2022 Kia Seltos EX,26400,12568
b329,2020 MAZDA CX-5 Touring,26494,14329
b330,2020 Subaru WRX Limited,28710,34769
b331,2022 Hyundai Kona SEL,23986,7660
b332,2020 Hyundai Kona SEL Plus,24000,15990
b333,2020 Acura RDX,35500,19414
b334,2016 Jeep Renegade Latitude,16588,58940
b335,2017 Volkswagen CC Sport,19422,27879
b336,2020 Ford Escape SE,19969,41490
b337,2011 Jeep Wrangler Unlimited Sahara,20909,88076
b338,2019 Jeep Renegade Trailhawk,22256,48780
b339,2018 RAM 1500 Sport,33800,63691
b340,2020 Ford Explorer Platinum,36996,33469
b341,2019 Ford Expedition XLT,39998,45908
b342,2020 Ford Mustang Bullitt,42996,24005
b343,2022 Ford F150 XLT,44885,10414
b344,2021 Ford F150 Lariat,48996,19397
b345,2022 Ford F150 Lariat,56258,2997
b346,2020 Ford F350 XLT,58996,13840
b347,2019 GMC Terrain Denali,29911,19149
b348,2021 Acura TLX SH-AWD,38900,10560
b349,2015 Hyundai Sonata Limited,14799,52300
b350,2018 Chevrolet Equinox LT,17868,63579
b351,2020 Volkswagen Jetta SE,20412,27368
b352,2020 MAZDA MAZDA3 Sedan,23000,21362
b353,2020 Nissan Rogue SV,23205,40030
b354,2020 Hyundai Santa Fe SEL,23500,42160
b355,2020 MAZDA CX-5 Touring,25000,35441
b356,2019 Chevrolet Blazer LT,26184,42181
b357,2017 MAZDA MX-5 Miata RF Grand Touring,26603,8501
b358,2022 Ford Escape SE,28581,11779
b359,2023 MAZDA CX-5 AWD 2.5 Turbo,34500,9145
b360,2018 Ford Taurus SEL,19807,41973
b361,2020 Nissan Sentra SV,20356,27333
b362,2021 Nissan Sentra SV,21421,22592
b363,2018 Ford Escape Titanium,21831,40552
b364,2020 Buick Encore GX Select,22423,42229
b365,2020 Buick Encore GX Select,22856,28700
b366,2020 Nissan Rogue Sport SV,23447,18145
b367,2021 Nissan Rogue Sport SV,24353,23327
b368,2020 Nissan Rogue SL,25114,44341
b369,2020 Nissan Rogue SL,27275,24549
b370,2021 Buick Envision Avenir,39997,17235
b371,2021 Mercedes-Benz GLC 300 4MATIC,41354,10882
b372,2012 Dodge Avenger SXT,4999,129296
b373,2014 Chevrolet Cruze LT,5999,84540
b374,2014 Honda CR-V LX,7999,131613
b375,2018 Honda Civic EX,19967,48923
b376,2019 Buick Encore Sport Touring,20949,35399
b377,2019 Buick Envision Essence,24777,43628
b378,2018 Honda CR-V LX,25899,30081
b379,2020 Honda CR-V LX,27273,22544
b380,2021 Honda CR-V EX-L,31629,25461
b381,2020 Chevrolet Equinox LT,26265,23260
b382,2021 Ford F150 XL,39990,18641
b383,2020 Ford F150 XLT,41990,23146
b384,2021 Ford F150 Lariat,49990,19412
b385,2020 GMC Terrain SLE,23900,41451
b386,2021 Honda CR-V EX,31000,13800
b387,2020 Ford F150 XLT,43577,14158
b388,2020 Ford Expedition XLT,51988,24092
b389,2021 Ford F150 Limited,62959,22122
b390,2019 Cadillac XT5 Luxury,30990,46508
b391,2019 Cadillac XT5 Luxury,31249,47487
b392,2020 Cadillac XT5 Premium Luxury,36490,34300
b393,2021 Cadillac XT6 Premium Luxury,44290,24814
b394,2021 Hyundai Tucson SE,22976,7375
b395,2020 Hyundai Tucson Sport,24976,28367
b396,2023 Hyundai Sonata SEL,28176,6847
b397,2017 Cadillac XT5 Platinum,28235,62074
b398,2023 Hyundai Sonata SEL Plus,30276,5505
b399,2018 Toyota Tacoma Limited,38976,30963
b400,2019 Volkswagen Jetta SE,21975,14447
b401,2015 Ford Transit 350 148" Low Roof,21995,109563
b402,2016 Ford E-350 and Econoline 350 Super Duty,24995,95243
b403,2018 MAZDA MX-5 Miata Grand Touring,25993,9168
b404,2020 MAZDA CX-5 Grand Touring,25995,37750
b405,2023 MAZDA CX-5 AWD 2.5 S,29993,4528
b406,2020 Volkswagen Tiguan SE R-Line,29995,24584
b407,2021 Volkswagen Tiguan SE R-Line,31992,16670
b408,2021 Volkswagen Tiguan SE R-Line,31993,7423
b409,2021 Volkswagen Tiguan SE R-Line,31993,13866
b410,2016 Ford Transit 350 XLT,34495,65116
b411,2023 Volkswagen Atlas SE,40992,4580
b412,2020 Volkswagen Atlas SEL R-Line,41493,15410
b413,2014 Toyota RAV4 Limited,19800,52400
b414,2018 Subaru Forester 2.5i Premium,23800,38640
b415,2021 Toyota Avalon XLE,31900,29945
b416,2006 Chevrolet Corvette Convertible,34400,12728
b417,2018 Lexus RX 350 AWD,37001,46526
b418,2020 Lexus RX 350 AWD,43000,23573
b419,2020 Lexus GS 350 F Sport,45200,24380
b420,2020 Lexus RX 350 AWD,45500,15441
b421,2020 Lexus GX 460 Premium,46000,36425
b422,2020 Lexus RX 350 F Sport,49500,15411
b423,2022 Lexus RX 350L Premium,52300,11106
b424,2021 Lexus GX 460 Premium,53000,20533
b425,2022 Chevrolet Silverado 1500 LT,40999,3723
b426,2022 RAM 3500 Longhorn,78999,1190
b427,2018 Toyota Camry SE,24320,50987
b428,2019 Jeep Cherokee Limited,26522,33331
b429,2020 Nissan Rogue SV,26689,21507
b430,2019 Toyota RAV4 LE,29276,25542
b431,2020 Toyota RAV4 XLE,32176,28072
b432,2020 Toyota Camry XSE,33544,25167
b433,2020 Jeep Grand Cherokee Limited,34544,18389
b434,2019 Toyota Highlander XLE,35468,31645
b435,2019 Toyota RAV4 Adventure,35980,23098
b436,2020 Mercedes-Benz CLA 250 4MATIC,36419,23133
b437,2020 Toyota Tacoma TRD Sport,38608,41097
b438,2020 Toyota Tundra SR5,45920,20923
b439,2023 Toyota 4Runner TRD Sport,48174,9598
b440,2021 Toyota Supra Premium,56614,3484
b441,2019 Mercedes-Benz C 300 4MATIC Sedan,31500,34841
b442,2022 Mercedes-Benz GLA 250 4MATIC,44600,4702
b443,2020 Mercedes-Benz E 53 AMG 4MATIC Cabriolet,74500,18640
b444,2022 Porsche Cayenne,77877,5183
b445,2019 Porsche Cayenne Turbo,89799,28347
b446,2017 Lexus RX 350 AWD,28950,85072
b447,2021 Toyota RAV4 LE,31184,9288
b448,2023 Genesis G70 3.3T,45249,10249
b449,2010 MAZDA MAZDA3 i Touring,9995,85169
b450,2020 Kia Soul LX,17994,36243
b451,2017 GMC Terrain SLT,20995,58125
b452,2015 Acura MDX SH-AWD,22997,98685
b453,2020 Kia Sportage EX,23994,44044
b454,2021 Chevrolet Colorado W/T,32995,19240
b455,2019 Chevrolet Silverado 1500 LT,36522,53958
b456,2019 Ford Escape SE,21288,51235
b457,2020 Ford Escape SE,22998,29769
b458,2018 Ford Flex SEL,24297,54448
b459,2020 Ford Fusion Energi Titanium,27494,31844
b460,2020 Ford Escape SE Sport,27794,38619
b461,2019 Ford F150 XLT,35496,54868
b462,2019 Ford F150 XLT,35799,54679
b463,2017 Lexus RX 350 AWD,35996,36001
b464,2019 Ford F150 Lariat,38877,53438
b465,2020 Ford F150 XLT,38987,41438
b466,2019 BMW X5 xDrive40i,40977,51852
b467,2020 Ford F150 XLT,41396,21240
b468,2020 Ford F150 XLT,41759,34340
b469,2019 Ford F150 Lariat,42439,50395
b470,2019 Jeep Wrangler Unlimited Rubicon,44488,42464
b471,2020 Ford F150 Lariat,45489,42742
b472,2022 Ford F150 XLT,50444,2267
b473,2022 RAM 1500 Laramie,50494,10638
b474,2022 Ford F150 XLT,51373,13479
b475,2013 Honda Pilot Touring,19735,90660
b476,2020 Honda Civic Si,28185,38226
b477,2022 Honda Civic Sport,28555,12744
b478,2020 Honda CR-V EX,28556,39492
b479,2019 Honda Odyssey EX,28755,47144
b480,2022 Honda CR-V Special Edition,30525,14341
b481,2019 Honda Passport EX-L,32450,26840
b482,2019 Lexus NX 300 F Sport,32985,34720
b483,2021 Toyota Tacoma TRD Pro,47352,18520
b484,2019 Chevrolet Equinox LT,23195,28564
b485,2020 Toyota C-HR XLE,25195,17937
b486,2020 Chevrolet Blazer LT,27295,22207
b487,2018 Jeep Grand Cherokee Overland,31695,36495
b488,2020 Chevrolet Silverado 1500 Custom,36595,20924
b489,2019 Chevrolet Colorado ZR2,40595,27942
b490,2020 Chevrolet Silverado 1500 RST,41995,35200
b491,2020 GMC Yukon SLE,43385,34469
b492,2019 Chevrolet Silverado 1500 LT Trail Boss,43495,35753
b493,2019 Chevrolet Silverado 1500 LT Trail Boss,43495,36972
b494,2019 Chevrolet Silverado 1500 LT Trail Boss,43595,41348
b495,2020 Chevrolet Silverado 1500 LT Trail Boss,44395,33785
b496,2022 Chevrolet Silverado 1500 LT,44995,3764
b497,2022 GMC Sierra 1500 Elevation,49495,9138
b498,2022 GMC Sierra 1500 AT4,61595,7581
b499,2022 Chevrolet Silverado 1500 ZR2,64755,7618
b500,2021 Chevrolet Suburban Premier,69995,16203
b501,2022 GMC Sierra 1500 AT4X,71995,8430
b502,2019 Ford EcoSport Titanium,18726,66383
b503,2021 Honda CR-V EX-L,33795,7406
b504,2020 Mercedes-Benz GLC 300 4MATIC,37189,24959
b505,2020 Hyundai Sonata SEL,22695,24176
b506,2020 GMC Terrain SLE,24395,26853
b507,2018 Jeep Grand Cherokee Limited,27224,42512
b508,2020 Jeep Grand Cherokee Limited,32795,26971
b509,2019 Chevrolet Equinox LT,21769,51231
b510,2019 Jeep Compass Limited,21909,58288
b511,2019 Jeep Compass Limited,22916,47639
b512,2019 Jeep Cherokee Limited,24466,51725
b513,2019 Volvo S60 T5 Momentum,24918,40578
b514,2021 Nissan Rogue SL,30918,25004
b515,2022 Subaru Ascent Limited,39877,8093
b516,2020 RAM 1500 Laramie,43414,35688
b517,2018 Chevrolet Equinox LT,17990,68834
b518,2019 Ford Mustang Premium,27990,6413
b519,2020 Chevrolet Traverse LT,29794,44096
b520,2017 Volvo XC90 T6 Inscription,29994,59473
b521,2018 Chevrolet Silverado 1500 Custom,30744,54438
b522,2018 Volkswagen GTI S,24810,39196
b523,2021 Volkswagen Passat 2.0T SE,26470,7648
b524,2020 Volkswagen Tiguan SEL,30990,17891
b525,2022 Chevrolet Silverado 3500 LTZ,70990,6822
b526,2020 RAM 1500 Big Horn,35528,37399
b527,2020 Nissan NV200 S,28995,13346
b528,2020 Chevrolet Camaro LT,30000,13384
b529,2020 Lincoln MKZ Reserve,36995,13898
b530,2020 Lincoln Corsair Reserve,42995,6562
b531,2019 Land Rover Range Rover Sport SVR,77495,46167
b532,2023 Lincoln Aviator Black Label,81995,7524
b533,2023 Subaru Outback Limited,35999,6996
b534,2022 Toyota Corolla SE,25193,14095
b535,2021 Kia Forte LXS,19295,5395
b536,2019 Land Rover Range Rover SV Autobiography Dynamic,122990,11756
b537,2020 Chrysler Pacifica Touring-L,30995,27509
b538,2020 Mercedes-Benz GLA 250 4MATIC,31995,16136
b539,2020 Lincoln Corsair Reserve,38995,6882
b540,2021 Ford Bronco Sport First Edition,38995,6369
b541,2009 Nissan Rogue S,3699,111236
b542,2020 Kia Soul X-Line,18500,25661
b543,2017 Hyundai Tucson Sport,18700,24778
b544,2019 Kia Forte S,18999,29789
b545,2020 Kia Optima EX,21000,9969
b546,2021 Kia Forte GT-Line,21600,17623
b547,2020 Kia Sportage EX,23994,8149
b548,2020 Kia Sportage EX,23996,19534
b549,2019 Hyundai Kona Ultimate,24294,1953
b550,2019 Kia Cadenza Technology,25999,31420
b551,2020 Kia Niro Touring,26998,13285
b552,2022 Kia Seltos SX,28503,5772
b553,2019 Honda Odyssey EX-L,34479,25107
b554,2016 Subaru Outback 2.5i Premium,22995,51881
b555,2020 Subaru Forester Premium,28990,32480
b556,2021 Subaru Crosstrek 2.0i Premium,28995,13930
b557,2019 Subaru Forester Limited,30770,33979
b558,2021 Subaru Forester Premium,31440,15699
b559,2021 Subaru Forester Sport,32990,21048
b560,2021 Subaru Legacy Touring XT,33440,22397
b561,2018 Honda HR-V LX,20967,32424
b562,2022 Hyundai Venue Limited,22767,3914
b563,2022 Hyundai Sonata SEL,24867,4004
b564,2021 Hyundai Tucson Ultimate,26967,23617
b565,2023 Hyundai Tucson SEL,27867,4708
b566,2023 Hyundai Santa Fe SEL,30867,6366
b567,2020 Lincoln Corsair FWD,31767,21301
b568,2014 Honda CR-V EX-L,19999,65925
b569,2020 Toyota RAV4 Limited,31996,23313
b570,2020 Chevrolet Trax LT,18668,22865
b571,2019 Toyota RAV4 LE,25414,44087
b572,2019 Jeep Cherokee Trailhawk,25968,34762
b573,2022 Chevrolet TrailBlazer RS,27091,14358
b574,2020 Buick Envision Premium,30223,30827
b575,2020 Cadillac CT4 Sport,34998,22164
b576,2022 Chevrolet Blazer LT,35487,9321
b577,2020 Ford Ranger XLT,33487,25239
b578,2020 FIAT 124 Spider Abarth,27000,8280
b579,2021 Dodge Challenger GT,33890,5084
b580,2019 Dodge Durango Citadel,35960,36652
b581,2020 Toyota Tacoma TRD Sport,38990,28983
b582,2023 Jeep Grand Cherokee L Laredo,44903,5797
b583,2021 RAM 1500 Laramie,46989,19224
b584,2020 RAM 1500 Longhorn,51052,17374
b585,2021 RAM 1500 TRX,84608,17899
b586,2018 Jeep Renegade Altitude,18301,46017
b587,2021 Acura RDX AWD,35321,9263
b588,2019 Lexus GX 460 Premium,38955,40233
b589,2019 Porsche Macan,40407,33372
b590,2021 Lexus NX 300h AWD,41333,11976
b591,2020 Lexus GS 350 F Sport,44294,18305
b592,2022 Lexus NX 350 AWD,44382,9207
b593,2021 Mercedes-Benz E 350 4MATIC Sedan,48134,17303
b594,2023 Jeep Grand Cherokee L Limited,48303,5655
b595,2022 Volvo XC60 T8 Inscription,51633,12524
b596,2019 Porsche Cayenne S,56830,40442
b597,2018 Porsche 718 Boxster S,67999,13369
b598,2019 Lexus LX 570 4WD,73087,20709
b599,2020 Porsche Taycan Turbo,102529,2536
b600,2009 Ford F150 XLT,11000,126399
b601,2023 Hyundai Tucson SEL,27900,4357
b602,2020 Hyundai Kona Ultimate,24489,25343
b603,2018 Lincoln MKZ Select,24547,36171
b604,2023 Chevrolet Camaro SS,44988,729
b605,2019 Toyota Avalon Touring,32999,28894
b606,2020 Audi A6 3.0T Prestige,46699,28997
b607,2023 Audi Q5 2.0T Premium Plus,49999,2940
b608,2014 Acura RDX AWD,20900,70998
b609,2017 Acura TLX V6 SH-AWD,27900,49509
b610,2019 Lexus ES 350,29955,75584
b611,2019 Acura MDX SH-AWD,34288,30550
b612,2020 Acura MDX SH-AWD,37500,21921
b613,2020 Acura MDX SH-AWD,37900,19156
b614,2023 Acura MDX SH-AWD,56298,6913
b615,2020 MINI Cooper Clubman S,30995,6272
b616,2019 Mercedes-Benz C 300 4MATIC Sedan,33500,20240
b617,2020 BMW 330i xDrive Sedan,34304,42283
b618,2021 Alfa Romeo Giulia Sprint,34990,5388
b619,2020 Mercedes-Benz A 220 4MATIC,34991,25208
b620,2020 BMW X2 xDrive28i,35665,21147
b621,2020 BMW 330i xDrive Sedan,36719,25305
b622,2020 Mercedes-Benz C 300 4MATIC Sedan,36990,27528
b623,2021 BMW X3 xDrive30i,42345,19660
b624,2022 Alfa Romeo Giulia Ti,42995,6980
b625,2022 Alfa Romeo Giulia Ti,42995,3505
b626,2022 Audi Q5 2.0T Premium Plus,44500,9966
b627,2022 BMW X3 xDrive30i,44825,14289
b628,2020 Audi SQ5 Premium Plus,44991,27066
b629,2020 BMW X4 M40i,52446,25371
b630,2019 Audi S5 Premium Plus,53500,11326
b631,2021 Mercedes-Benz GLC 43 AMG 4MATIC,57991,13150
b632,2023 Audi SQ5 Premium Plus,63997,4088
b633,2023 Mercedes-Benz GLE 350 4MATIC,64991,4270
b634,2020 GMC Acadia SLT,34999,20985
b635,2020 Chevrolet Blazer LT,27200,28641
b636,2022 Jeep Compass Latitude,28213,6186
b637,2020 Chevrolet Equinox Premier,29235,4777
b638,2023 Chevrolet Equinox LT,30091,5090
b639,2023 Chevrolet Equinox LT,30150,278
b640,2020 Ford F150 XLT,36900,31957
b641,2018 Chevrolet Equinox LT,22989,30002
b642,2020 Buick Envision Premium,29999,34068
b643,2019 Chevrolet Blazer LT,29999,26412
b644,2022 Chevrolet Colorado Z71,42999,6088
b645,2022 Chevrolet Silverado 3500 W/T,51995,7076
b646,2019 RAM 2500 Limited,69999,33318
b647,2018 Volkswagen Tiguan Limited,18997,49064
b648,2014 Mercedes-Benz S 63 AMG 4MATIC Sedan,45997,67013
b649,2020 Nissan Frontier SV,29997,23951
b650,2015 Chevrolet Silverado 3500 LTZ,50497,59584
b651,2020 Chevrolet Blazer LT,26900,13686
b652,2020 Jeep Compass Latitude,21098,25960
b653,2020 Kia Soul X-Line,19995,16652
b654,2020 Nissan Sentra SV,22499,6944
b655,2020 Kia Soul GT-Line Turbo,22899,19400
b656,2020 Nissan Rogue Sport S,22995,27136
b657,2020 Nissan Altima 2.5 S,23834,6365
b658,2021 Nissan Sentra SV,23899,6972
b659,2019 Jeep Compass Trailhawk,23999,41067
b660,2021 Kia Niro LX,23999,21868
b661,2020 Nissan Rogue SV,24405,17950
b662,2020 Nissan Rogue S,24499,23533
b663,2021 Nissan Rogue S,24999,20552
b664,2020 Honda CR-V EX,26499,34967
b665,2021 Kia Seltos SX,26699,12720
b666,2021 Nissan Rogue SV,28499,29223
b667,2021 Jeep Cherokee Latitude Lux,28599,15592
b668,2020 INFINITI QX60 Luxe,31500,28546
b669,2021 Subaru Crosstrek 2.5i Limited,31999,5268
b670,2021 Nissan Rogue SL,33499,10619
b671,2022 Kia Sorento SX,41999,7454
b672,2023 Toyota 4Runner Limited,54999,8868
b673,2015 Lexus IS 250,21700,71919
b674,2020 Toyota Corolla SE,23347,28732
b675,2019 Toyota Camry LE,24430,15787
b676,2018 Toyota RAV4 LE,24589,47485
b677,2014 Mitsubishi Lancer Evolution MR,26122,85920
b678,2019 Toyota Camry SE,26194,36170
b679,2021 Toyota Camry SE,27400,21090
b680,2016 Toyota Highlander Limited,28890,47386
b681,2020 INFINITI Q50 Luxe,28995,35564
b682,2023 Toyota Camry SE,31198,3345
b683,2018 Toyota Highlander SE,32000,45398
b684,2013 Ford Mustang Boss 302,34333,41315
b685,2021 Jeep Gladiator Sport,39789,11503
b686,2022 BMW 430i,41345,11908
b687,2020 Toyota Tacoma TRD Pro,45857,35485
b688,2021 Chevrolet Malibu RS,23199,16536
b689,2019 Chevrolet Silverado 2500 LTZ,54995,29593
b690,2014 Subaru Crosstrek 2.0i Premium,16995,68537
b691,2013 Toyota Highlander Limited,16995,119852
b692,2018 Honda Civic LX,20995,26503
b693,2020 GMC Terrain SLE,22995,30548
b694,2016 Toyota RAV4 XLE,22995,63657
b695,2019 Toyota Corolla XSE,23995,31685
b696,2021 Ford Escape SEL,23995,38232
b697,2022 Toyota Camry LE,23995,28920
b698,2021 MAZDA CX-30 AWD 2.5 S,25995,22744
b699,2020 Jeep Cherokee Limited,25995,39501
b700,2020 Hyundai Santa Fe SEL,25995,40355
b701,2019 Subaru Crosstrek 2.0i Premium,25995,33858
b702,2021 MAZDA CX-5 Touring,26995,25283
b703,2022 Honda HR-V EX-L,28995,5642
b704,2017 Jeep Wrangler Unlimited Sport,29598,51542
b705,2023 Toyota Camry SE,30995,12
b706,2019 Toyota Tacoma SR5,32500,41258
b707,2019 MAZDA CX-9 Grand Touring,32995,15781
b708,2020 Toyota RAV4 XLE Premium,33995,28591
b709,2021 Toyota RAV4 XLE Premium,33995,23932
b710,2018 Toyota Sienna XLE,34995,50001
b711,2022 Toyota Sienna XLE,42995,25572
b712,2022 Toyota Sienna XLE,42995,27338
b713,2019 Toyota Tundra SR5,44995,38304
b714,2016 GMC Sierra 1500 Denali,36510,63929
b715,2018 Cadillac CTS Luxury,26935,43154
b716,2014 Chevrolet Camaro LT,17500,59735
b717,2022 Ford Ranger XLT,39549,972
b718,2020 Chevrolet Equinox Premier,28699,22401
b719,2021 Honda Accord Sport,28860,12364
b720,2017 Lexus IS 300 AWD,26461,53911
b721,2018 Chevrolet Colorado Z71,32570,4612
b722,2003 Jeep Wrangler Sahara,12994,156025
b723,2019 Ford Flex Limited,22505,105312
b724,2020 Ford Edge SEL,29643,34611
b725,2017 Ford Explorer Platinum,32855,38792
b726,2023 Ford Bronco Sport Outer Banks,37410,3823
b727,2022 Ford Maverick Lariat,38420,18805
b728,2022 Ford Mustang Mach-E Select,41333,8801
b729,2022 Ford Edge ST-Line,41654,4740
b730,2020 Ford Transit 250 Low Roof,43949,28102
b731,2020 Lincoln Nautilus Reserve,43994,16915
b732,2021 Ford Mustang Mach-E GT,47990,12526
b733,2021 Ford F150 King Ranch,52431,57743
b734,2012 Kia Forte EX,9098,57526
b735,2017 BMW 320i xDrive Sedan,19798,63059
b736,2021 Land Rover Discovery Sport SE,39498,19575
b737,2019 Land Rover Discovery HSE,43998,28969
b738,2021 Ford Bronco Sport,26598,21733
b739,2020 Toyota RAV4 LE,27900,29277
b740,2019 Toyota Tacoma TRD Off-Road,37998,39476
b741,2022 INFINITI QX50 Sensory,43993,2591
b742,2009 Nissan Rogue SL,8314,117847
b743,2018 Ford Focus SEL,15133,45243
b744,2017 Jeep Renegade Latitude,17459,53319
b745,2016 MAZDA CX-3 Grand Touring,20000,55182
b746,2019 Jaguar XE Premium,21997,59497
b747,2020 Jeep Compass Latitude,22588,31961
b748,2021 Nissan Rogue Sport SV,24277,16797
b749,2021 Honda Civic Sport,24726,22693
b750,2020 MAZDA CX-5 Touring,25282,31909
b751,2017 Chevrolet Silverado 1500 LT,28497,72077
b752,2021 Honda Pilot Special Edition,36624,21583
b753,2022 Chevrolet Suburban RST,68777,10595
b754,2014 RAM 1500 Big Horn,24990,60120
b755,2020 Jeep Cherokee Limited,26951,29119
b756,2022 RAM 1500 Tradesman,29990,5424
b757,2022 Dodge Charger Scat Pack,54778,7506
b758,2018 Hyundai Santa Fe Sport,21000,38903
b759,2021 Hyundai Kona SEL,23100,9348
b760,2021 Kia Sportage LX,23300,9535
b761,2020 Hyundai Sonata SEL,23500,12269
b762,2021 Hyundai Kona SEL Plus,23800,17771
b763,2020 Hyundai Tucson SEL,24600,22458
b764,2020 Hyundai Kona Ultimate,25400,18033
b765,2020 Nissan Rogue SL,26900,20017
b766,2021 Hyundai Kona Ultimate,27200,13002
b767,2019 Hyundai Santa Fe XL,29200,33345
b768,2022 Hyundai Santa Fe AWD,29800,9014
b769,2022 Hyundai Santa Fe AWD,29800,8441
b770,2021 Ford Escape Titanium,37900,7478
b771,2021 Hyundai Palisade SEL,40400,6778
b772,2017 Nissan Rogue SL,21186,46328
b773,2017 GMC Acadia Denali,23453,79028
b774,2020 Ford Edge Titanium,29455,30500
b775,2019 Lincoln Continental Select,31995,32278
b776,2021 Lexus ES 250,33200,22789
b777,2018 Ford F150 Lariat,34589,74435
b778,2019 Lexus RX 350 AWD,35996,37129
b779,2022 Ford Mustang GT Premium,43225,1064
b780,2021 Ford F150 Lariat,54998,7514
b781,2020 Jeep Cherokee Limited,25911,25940
b782,2020 Buick Envision Essence,29911,14594
b783,2020 Buick Envision Premium,31411,29515
b784,2020 Ford F150 Lariat,45000,20429
b785,2016 Lincoln MKZ AWD,18400,54639
b786,2019 Honda Accord LX,24000,15304
b787,2020 Honda Civic Sport,24800,19759
b788,2021 Hyundai Tucson Sport,24900,14686
b789,2019 Honda Civic EX,25200,21342
b790,2019 Honda CR-V EX,27500,34553
b791,2017 Jeep Wrangler Unlimited Sport,28264,29282
b792,2020 Honda Odyssey EX-L,35500,28879
b793,2016 Mercedes-Benz CLA 250,18899,50917
b794,2018 MAZDA MAZDA3 Touring,19687,43611
b795,2020 Volkswagen Golf 4-Door,20000,61330
b796,2020 Nissan Sentra SV,20000,30459
b797,2018 Jeep Compass Limited,21000,45929
b798,2017 MAZDA MAZDA6 Grand Touring,21112,50188
b799,2019 MAZDA CX-3 Grand Touring,21500,49492
b800,2021 Honda Civic Sport,22500,47569
b801,2020 MAZDA CX-5 Grand Touring,26809,31268
b802,2020 Ford Edge SEL,27500,12616
b803,2019 Toyota Highlander XLE,31000,42268
b804,2021 Kia Stinger GT1,38500,24247
b805,2022 MAZDA CX-9 Signature,40650,5133
b806,2023 BMW X3 M40i,62000,3748
b807,2015 Nissan Leaf SL,11716,38927
b808,2019 Nissan Sentra SR,18971,15966
b809,2020 Nissan Sentra SV,19967,43292
b810,2019 Nissan Kicks SR,20419,32947
b811,2019 Ford Escape Titanium,23534,41147
b812,2020 Nissan Rogue SV,23585,39761
b813,2018 Buick Envision Preferred,23899,51335
b814,2022 Nissan Altima 2.5 SV,28112,8242
b815,2010 MINI Cooper Convertible,5995,94359
b816,2012 Chevrolet Silverado 1500 LT,19799,101738
b817,2020 Chevrolet Impala LT,24561,42637
b818,2020 Chevrolet Equinox LT,25834,8904
b819,2020 Chevrolet Blazer LT,33990,26637
b820,2020 Chevrolet Tahoe Premier,59997,15492
b821,2013 Ford Escape SE,6998,111077
b822,2016 Honda Civic EX-T,7999,261115
b823,2020 Nissan Sentra SV,20500,34699
b824,2016 Honda HR-V EX,20999,59546
b825,2020 Honda Civic EX,22996,23528
b826,2021 Jeep Compass Limited,23274,59281
b827,2021 Jeep Compass Limited,23387,64181
b828,2021 Jeep Compass Limited,23391,63554
b829,2021 Jeep Compass Limited,23498,63043
b830,2021 Jeep Compass Limited,23634,61464
b831,2020 Honda CR-V EX,28966,36374
b832,2020 Honda CR-V EX-L,29985,37111
b833,2008 Mercedes-Benz S 550 4MATIC,13000,99684
b834,2017 Land Rover Discovery HSE,27000,36424
b835,2018 BMW 430i xDrive,30000,26078
b836,2022 Jeep Renegade Limited,28695,7432
b837,2023 RAM ProMaster 1500,45495,1081
b838,2019 Ford F350 King Ranch,68295,56559
b839,2021 RAM 3500 Laramie,73985,19544
b840,2019 Chevrolet Silverado 1500 LTZ,46522,35570
b841,2020 Ford F150 Lariat,44490,31258
b842,2021 Ford F250 XLT,47490,25368
b843,2020 Ford F350 Lariat,69490,27308
b844,2022 Ford Maverick XLT,37000,8536
b845,2020 Ford F150 XLT,39997,40395
b846,2020 Ford F150 XLT,40995,35711
b847,2016 GMC Terrain SLE,14990,74712
b848,2021 Cadillac XT4 Sport,36590,34837
b849,2017 Ford Fusion SE,19676,46187
b850,2019 Kia Optima SX,23976,53129
b851,2017 Cadillac XTS Premium Luxury,25676,59471
b852,2023 Hyundai Sonata SEL,26776,7243
b853,2023 Hyundai Sonata SEL,28476,5422
b854,2020 Hyundai Tucson Ultimate,28776,18965
b855,2023 Hyundai Sonata SEL,28876,7759
b856,2023 Hyundai Santa Fe SE,31290,3000
b857,2023 Hyundai Santa Fe SEL,34989,3000
b858,2020 Honda Civic LX,21987,21264
b859,2021 GMC Sierra 1500 SLT,50995,14643
b860,2020 MINI Cooper S,24676,26307
b861,2018 Tesla Model X 75D,45400,47706
b862,2020 Ford EcoSport SES,18699,22524
b863,2021 Ford Escape SEL,22490,19227
b864,2019 Lincoln MKC Select,26096,38247
b865,2020 Nissan Rogue S,22682,8941
b866,2018 Audi S6 Premium Plus,38859,64360
b867,2022 Volkswagen Atlas SE,38949,8550
b868,2023 Ford Bronco Big Bend,52444,931
b869,2005 GMC Sierra 2500 W/T,11491,159038
b870,2014 GMC Terrain SLT,12995,116396
b871,2017 Honda CR-V EX-L,23992,67261
b872,2019 Toyota Prius LE,23995,42831
b873,2020 MAZDA CX-30 AWD,25492,34324
b874,2021 Volkswagen Passat 2.0T SE,27492,9855
b875,2020 Volkswagen Passat 2.0T R-Line,29791,6190
b876,2021 Volkswagen Atlas SE,40991,17537
b877,2021 Audi A6 2.0T Premium,40994,14405
b878,2023 MAZDA CX-9 Signature,43993,4953
b879,2022 Volkswagen Atlas SEL,44994,2722
b880,2021 Volkswagen Atlas SEL Premium,47993,8977
b881,2015 Toyota Highlander XLE,16000,204240
b882,2013 Lexus ES 350,19909,78254
b883,2002 Lexus SC 430 Convertible,20500,95406
b884,2020 Chevrolet Equinox LT,21000,45650
b885,2019 Chevrolet Traverse Premier,25000,112282
b886,2022 Subaru WRX,33000,9709
b887,2020 Lexus NX 300 AWD,36000,39910
b888,2020 Lexus ES 300h,36500,46390
b889,2019 Lexus RX 350 AWD,40000,28011
b890,2019 Ford Mustang GT Premium,44000,12469
b891,2019 RAM 2500 Big Horn,45000,58351
b892,2020 Lexus GX 460 Premium,46500,37043
b893,2021 Lexus RX 350 F Sport,49009,24942
b894,2019 BMW M760i xDrive,61000,52239
b895,2021 Ford F250 King Ranch,64000,45290
b896,2020 Ford Fusion SE,22127,24446
b897,2019 Chevrolet Equinox LT,22413,37865
b898,2019 Nissan Rogue SV,22586,32927
b899,2019 Chevrolet Equinox LT,22900,17481
b900,2018 Lincoln MKC Select,24600,21923
b901,2019 Nissan Pathfinder SL,25749,38427
b902,2020 Chevrolet Equinox Premier,26474,29577
b903,2021 Toyota Camry SE,27811,10193
b904,2021 Nissan Rogue SV,28284,17019
b905,2020 Ford Escape Titanium,28968,26751
b906,2019 Chevrolet Traverse LT,29374,32267
b907,2019 RAM 1500 Tradesman,31301,38848
b908,2020 GMC Terrain Denali,32276,15148
b909,2019 Ford Explorer Sport,34151,33520
b910,2022 GMC Terrain Denali,34854,9030
b911,2022 GMC Terrain Denali,35216,7827
b912,2019 Ford F150 XLT,36995,28010
b913,2020 Ford F150 XLT,37003,26430
b914,2021 GMC Acadia AT4,38100,8522
b915,2019 Nissan Armada Platinum,38710,35098
b916,2020 GMC Sierra 2500 4x4 Double Cab,41486,27496
b917,2019 INFINITI QX80 Luxe,42614,25457
b918,2020 Buick Envision Essence,28999,16101
b919,2021 Cadillac CT4 Premium Luxury,34999,14104
b920,2021 Cadillac XT4 Sport,34999,17477
b921,2017 Toyota RAV4 Limited,26827,68543
b922,2018 Ford F150 XLT,31210,43216
b923,2020 Toyota RAV4 XLE,31517,38820
b924,2020 Toyota RAV4 XLE,31582,38967
b925,2020 Toyota Tacoma SR,33828,38431
b926,2021 Toyota RAV4 XLE,34376,15647
b927,2020 Toyota Tacoma TRD Sport,37290,37587
b928,2020 Toyota Highlander XLE,42256,44633
b929,2020 Jeep Wrangler Unlimited Sahara,42496,21414
b930,2020 Toyota Tundra SR5,45475,26566
b931,2020 Toyota Tundra SR5,46199,28417
b932,2017 Acura RDX AWD,23989,58883
b933,2020 Mercedes-Benz GLB 250 4MATIC,34300,37854
b934,2017 Porsche Macan S,35200,61113
b935,2020 Mercedes-Benz GLC 300 4MATIC,36300,36548
b936,2022 Mercedes-Benz A 220 4MATIC,39400,11615
b937,2023 Mercedes-Benz CLA 250 4MATIC,50558,7600
b938,2017 Mercedes-Benz G 63 AMG 4MATIC,90500,67931
b939,2020 Porsche Taycan 4S,90990,19002
b940,2017 Kia Sportage LX,15900,78985
b941,2015 Toyota Avalon XLE,19994,46590
b942,2011 Toyota Sequoia Platinum,20000,141034
b943,2016 Audi Q5 2.0T Premium Plus,22497,46233
b944,2021 Nissan Rogue SV,24250,60275
b945,2021 Toyota Corolla SE,25348,17332
b946,2018 Toyota Camry XSE,25750,55924
b947,2020 Toyota Camry LE,25800,25177
b948,2020 Toyota RAV4 LE,27550,44515
b949,2020 Toyota Camry XLE,29000,29922
b950,2020 Dodge Durango GT,30500,57579
b951,2019 Chevrolet Silverado 1500 Custom Trail Boss,35150,50361
b952,2020 Audi A5 2.0T Premium,36500,28999
b953,2022 Toyota Tacoma TRD Sport,42000,11750
b954,2021 Lexus RX 350 AWD,47000,16527
b955,2023 Chevrolet Silverado 1500 LT,52075,243
b956,2021 Toyota 4Runner TRD Pro,56594,19142
b957,2020 Hyundai Sonata SEL Plus,23944,22395
b958,2020 Honda CR-V EX,29994,13894
b959,2010 Subaru Forester 2.5XT Limited,3995,202541
b960,2015 Chrysler Town & Country Touring,11995,119603
b961,2013 Toyota Sienna XLE,16995,105839
b962,2022 Chevrolet Malibu LT,20609,45746
b963,2021 Nissan Rogue SV,24612,42193
b964,2022 Chrysler Pacifica Touring-L,28997,47928
b965,2017 Lexus RX 350 AWD,29995,68395
b966,2021 Ford Explorer Limited,32295,61462
b967,2019 Ford Edge ST,32997,39935
b968,2019 Ford F150 XLT,37458,58034
b969,2019 Audi Q5 Prestige,37598,13103
b970,2020 Ford F150 XLT,40981,32214
b971,2018 Ford F150 Limited,40996,70352
b972,2022 Audi A5 2.0T Prestige,49492,17203
b973,2021 Ford F150 Lariat,51388,25453
b974,2019 Ford F350 Lariat,60577,67098
b975,2015 Hyundai Santa Fe Sport,14125,94991
b976,2020 Honda Accord LX,26094,30657
b977,2018 Toyota Highlander XLE,31159,74063
b978,2019 Honda HR-V LX,20595,51890
b979,2020 Chevrolet Equinox LT,23575,42541
b980,2020 Chevrolet Equinox LT,23795,33567
b981,2021 Chevrolet Trax LT,23990,11882
b982,2020 Chevrolet Equinox Premier,23995,31335
b983,2019 Chevrolet Equinox Premier,25195,50154
b984,2020 Toyota RAV4 LE,27990,18380
b985,2019 Chevrolet Equinox Premier,27995,31042
b986,2021 Jeep Cherokee Trailhawk,29615,26575
b987,2020 Chevrolet Silverado 1500 Custom,31995,43859
b988,2019 Chevrolet Silverado 1500 Custom,32595,53059
b989,2023 Chevrolet Equinox RS,33995,1552
b990,2019 Chevrolet Silverado 1500 LT,37895,50470
b991,2019 Chevrolet Silverado 1500 LT Trail Boss,42995,48283
b992,2020 Chevrolet Silverado 1500 RST,43995,30823
b993,2021 Chevrolet Silverado 1500 LTZ,46795,21251
b994,2021 Jeep Grand Cherokee Summit,46995,15097
b995,2020 Chevrolet Silverado 1500 LT Trail Boss,47695,40784
b996,2021 Chevrolet Silverado 1500 LT Trail Boss,49995,28382
b997,2022 Chevrolet Silverado 1500 LTZ,56995,14209
b998,2022 Chevrolet Silverado 1500 RST,57990,4914
b999,2022 Chevrolet Silverado 1500 High Country,60795,7755
b1000,2022 GMC Sierra 1500 AT4,61795,7637
b1001,2020 Mercedes-Benz C 63 AMG S,70985,10690
b1002,2011 MAZDA CX-9 Touring,5500,117478
b1003,2020 BMW 330i Sedan,29998,25505
b1004,2023 Hyundai Santa Fe SEL,31898,1766
b1005,2019 Chevrolet Silverado 1500 High Country,42594,27965
b1006,2020 Hyundai Santa Fe SE,22411,12717
b1007,2020 Mercedes-Benz GLB 250 4MATIC,34985,18755
b1008,2020 Mercedes-Benz C 300 Sedan,35985,20078
b1009,2020 Mercedes-Benz C 300 Coupe,41852,6074
b1010,2019 Mercedes-Benz E 450 4MATIC Coupe,44889,25708
b1011,2018 Volkswagen Tiguan Limited,16800,35579
b1012,2019 Buick Encore Preferred,19500,8549
b1013,2020 Chevrolet Equinox Premier,23300,27851
b1014,2020 MAZDA CX-9 Touring,26000,23957
b1015,2022 Honda Civic Sport,26500,1399
b1016,2019 GMC Terrain Denali,27500,26453
b1017,2021 GMC Terrain SLT,28100,9939
b1018,2019 GMC Canyon 2WD Crew Cab,29000,18338
b1019,2020 Cadillac CT5 Premium Luxury,32000,29944
b1020,2020 Toyota RAV4 Limited,35200,26231
b1021,2022 GMC Canyon Denali,38700,5000
b1022,2020 Chevrolet Tahoe LS,40500,18413
b1023,2022 Mercedes-Benz GLE 350 4MATIC,58900,6735
b1024,2021 Mercedes-Benz GLE 580 4MATIC,66300,19613
b1025,2021 GMC Yukon Denali,70500,16444
b1026,2020 MINI Cooper Countryman S,26691,28692
b1027,2020 Acura RDX FWD,29747,29991
b1028,2020 BMW M235i xDrive,37375,17511
b1029,2020 Jaguar I-PACE S,39825,24596
b1030,2021 Audi e-tron Prestige,55402,9799
b1031,2021 Audi Q8 Premium Plus,60868,17922
b1032,2016 Ford Escape SE,13292,58401
b1033,2014 Cadillac XTS Luxury,18991,27518
b1034,2015 Cadillac SRX Performance,19492,34293
b1035,2015 Honda CR-V Touring,20492,45341
b1036,2016 Lexus NX 200t F Sport,22993,54422
b1037,2021 Nissan Rogue S,23993,12053
b1038,2020 MAZDA CX-9 Grand Touring,29495,15219
b1039,2017 Lexus RX 350 FWD,29998,32164
b1040,2021 Cadillac XT5 Premium Luxury,34295,8317
b1041,2020 Cadillac XT5 Sportv,37494,13730
b1042,2022 Hyundai Elantra SEL,20599,7064
b1043,2020 Hyundai Santa Fe Limited,27899,13369
b1044,2019 Honda CR-V LX,24990,15148
b1045,2022 Volvo XC60 B6 Inscription,46875,4622
b1046,2020 Jeep Grand Cherokee Altitude,29899,26648
b1047,2022 Ford Explorer XLT,31994,4382
b1048,2018 Mercedes-Benz GLC 43 AMG 4MATIC,39000,44599
b1049,2020 MAZDA CX-5 Grand Touring,25466,18919
b1050,2022 Toyota RAV4 XLE,35796,3189
b1051,2021 Honda CR-V Special Edition,28900,18425
b1052,2020 Chevrolet Traverse LT,30490,26447
b1053,2020 BMW 330i Sedan,31899,10049
b1054,2022 Hyundai Ioniq 5 SEL,36029,11790
b1055,2021 Genesis GV80 2.5T,45685,14484
b1056,2022 Genesis GV70 3.5T Sport,50336,10052
b1057,2023 BMW X5 M50i,85555,6688
b1058,2021 Cadillac XT5 Luxury,30891,15280
b1059,2018 Honda CR-V EX,22535,40109
b1060,2017 Honda Accord LX,16788,50936
b1061,2019 Nissan Rogue S,17591,37869
b1062,2019 Volkswagen Passat 2.0T SE R-Line,21162,17003
b1063,2021 Kia Telluride EX,41037,8400
b1064,2019 Jeep Wrangler Unlimited Rubicon,45996,17577
b1065,2022 Dodge Challenger R/T Scat Pack,56978,4660
b1066,2022 Nissan Altima 2.5 SV,24977,2449
b1067,2020 BMW X4 M,58995,27405
b1068,2016 Chevrolet Corvette Z06,59995,53704
b1069,2019 Lexus RC 350,34995,19926
b1070,2018 Land Rover Range Rover Supercharged,53995,45205
b1071,2021 Chevrolet Camaro LT,27991,19015
b1072,2020 RAM 3500 Big Horn,62995,26395
b1073,2021 Audi Q3 2.0T Premium,31900,17220
b1074,2020 Audi SQ5 Premium Plus,40700,15030
b1075,2021 Audi SQ5 Premium Plus,45900,14443
b1076,2018 RAM 1500 Tradesman,20998,49087
b1077,2018 Nissan Rogue Sport SV,20591,26536
b1078,2023 Nissan Altima 2.5 SV,24991,6965
b1079,2021 Nissan Leaf SV,18895,10624
b1080,2016 BMW 428i xDrive Convertible,24595,54632
b1081,2022 Honda Accord Sport Special Edition,29495,8144
b1082,2015 Chevrolet Silverado 1500 High Country,30295,61698
b1083,2022 Ford Maverick Lariat,37895,2061
b1084,2022 Chevrolet Silverado 1500 Custom,39495,6382
b1085,2020 Jaguar F-PACE S,44795,18958
b1086,2020 Mercedes-Benz E 450 Cabriolet,53393,26502
b1087,2022 Mercedes-Benz C 300 Coupe,53800,5637
b1088,2020 Mercedes-Benz S 560 Sedan,68556,24895
b1089,2022 Mercedes-Benz E 450 Cabriolet,77985,10958
b1090,2020 Chevrolet Equinox LT,20500,25766
b1091,2020 Audi Q3 2.0T Premium,27500,22652
b1092,2020 Cadillac XT5 Luxury,28000,36503
b1093,2019 Ford F150 Lariat,38000,33437
b1094,2023 Cadillac XT5 Premium Luxury,47000,3271
b1095,2020 BMW 740i,49000,23605
b1096,2017 Mercedes-Benz C 300 Sedan,19500,64354
b1097,2020 Honda Accord Sport,24000,22986
b1098,2022 GMC Terrain SLE,25900,10082
b1099,2021 MAZDA CX-5 Grand Touring,26400,24201
b1100,2021 GMC Acadia SLE,27200,17950
b1101,2021 GMC Acadia SLE,27600,29492
b1102,2021 Buick Envision Preferred,27600,23995
b1103,2020 GMC Acadia SLT,28500,32623
b1104,2019 Buick Enclave Essence,29500,13467
b1105,2021 GMC Canyon Elevation Standard,29900,17766
b1106,2021 Buick Envision Essence,30000,18837
b1107,2021 Buick Enclave Essence,32500,18000
b1108,2021 Chevrolet Silverado 1500 Custom,32900,20157
b1109,2022 GMC Terrain Denali,33500,5945
b1110,2020 Dodge Charger R/T,34000,17327
b1111,2023 Ford Ranger XLT,34700,7507
b1112,2020 Dodge Challenger R/T Scat Pack,46500,29577
b1113,2020 GMC Sierra 1500 Denali,49800,31750
b1114,2023 Chevrolet Silverado 1500 High Country,59000,7595
b1115,2020 Mercedes-Benz E 53 AMG 4MATIC Cabriolet,68100,25563
b1116,2022 Mercedes-Benz GLS 450 4MATIC,74100,12459
b1117,2018 BMW 320i Sedan,19924,35258
b1118,2020 MINI Cooper S,24449,20417
b1119,2020 MAZDA CX-5 Touring,24484,15506
b1120,2021 MINI Cooper S,24850,5016
b1121,2021 Jeep Cherokee Latitude Lux,26127,17656
b1122,2020 BMW X2 sDrive28i,26561,43534
b1123,2020 BMW X2 sDrive28i,29292,23202
b1124,2020 Toyota Camry XSE,30267,22452
b1125,2021 Volkswagen Atlas SE,32159,18784
b1126,2019 Lexus ES 350,32190,33300
b1127,2021 BMW X2 sDrive28i,32394,17934
b1128,2020 BMW 330i Sedan,32586,17447
b1129,2021 Cadillac CT4 Premium Luxury,32850,12112
b1130,2020 BMW 330i Sedan,32886,21803
b1131,2020 BMW 330i Sedan,33321,14519
b1132,2020 BMW 330i Sedan,33752,8971
b1133,2019 Audi e-tron Premium Plus,40133,8051
b1134,2021 Lexus IS 350 F Sport,40401,15048
b1135,2020 Lexus RC 300 F Sport,40553,15854
b1136,2023 Chevrolet Silverado 1500 Custom,42749,6810
b1137,2022 Volvo XC60 B5 Inscription,42943,5033
b1138,2022 Lexus NX 350 F Sport,44594,5419
b1139,2020 Audi SQ5 Prestige,45621,21143
b1140,2018 Porsche Macan GTS,51084,32844
b1141,2019 Mercedes-Benz E 53 AMG 4MATIC Sedan,52276,26282
b1142,2020 BMW M550i xDrive,55913,26056
b1143,2020 BMW 840i xDrive,60435,20940
b1144,2023 BMW X5 sDrive40i,60516,8307
b1145,2020 BMW X4 M,61190,28045
b1146,2020 BMW X7 M50i,72323,20044
b1147,2022 Chevrolet Corvette Stingray Preferred Cpe,82420,10970
b1148,2016 Lexus IS 300 AWD,20993,81036
b1149,2020 Jeep Compass Limited,21195,36070
b1150,2021 Buick Encore GX Select,23791,8826
b1151,2018 Mercedes-Benz GLC 300,25495,46176
b1152,2018 Cadillac XT5 Premium Luxury,25691,49795
b1153,2020 BMW X2 sDrive28i,29491,18657
b1154,2020 BMW X3 sDrive30i,31091,27831
b1155,2020 Honda Odyssey EX-L,33291,24898
b1156,2022 Cadillac XT4 Luxury,33911,9564
b1157,2020 Lexus ES 350,34993,19740
b1158,2021 Lexus ES 350,35191,14516
b1159,2015 Toyota Corolla LE,10899,79625
b1160,2017 Kia Sportage EX,17899,49260
b1161,2020 Hyundai Elantra Value Edition,17899,29812
b1162,2019 Volkswagen Atlas SE,26899,30746
b1163,2017 Ford Escape SE,13998,50095
b1164,2021 Nissan Sentra SV,19498,18828
b1165,2020 Nissan Kicks SR,20998,20417
b1166,2023 Cadillac XT4 Premium Luxury,37498,5710
b1167,2022 Honda Civic Sport,26993,13373
b1168,2021 Honda Accord Sport,28635,16347
b1169,2021 Toyota Corolla LE,21990,22505
b1170,2020 Toyota Corolla LE,19299,25187
b1171,2020 Toyota Corolla LE,19499,27289
b1172,2020 Toyota Camry LE,22899,14820
b1173,2021 Toyota C-HR LE,23899,11379
b1174,2017 Mercedes-Benz E 300,25399,36532
b1175,2020 Toyota RAV4 XLE,27199,29460
b1176,2021 Toyota RAV4 LE,27399,10804
b1177,2021 Toyota Venza LE,30989,9441
b1178,2019 RAM 1500 Laramie Longhorn,45998,31517
b1179,2020 Ford Ranger XL,25991,41513
b1180,2020 Ford Explorer XLT,28994,32226
b1181,2020 Lexus UX 200 F Sport,29889,27552
b1182,2022 Ford F150 XLT,43991,11501
b1183,2021 Chevrolet Equinox LS,17995,19639
b1184,2016 Maserati Ghibli S Q4,18377,63250
b1185,2016 BMW X4 xDrive28i,19850,57240
b1186,2015 Ford Mustang Convertible,18490,62380
b1187,2020 Buick Encore Preferred,19990,7697
b1188,2020 GMC Terrain SLE,22490,18380
b1189,2022 Buick Encore Preferred,23990,6401
b1190,2018 Audi A4 2.0T Premium Plus,24990,46461
b1191,2021 MAZDA CX-30 AWD 2.5 S,25990,10005
b1192,2019 FIAT 500 Pop,15998,25271
b1193,2019 Jeep Compass Latitude,20998,17105
b1194,2022 Kia Soul Turbo,23998,3650
b1195,2016 Dodge Challenger R/T Plus,23998,57155
b1196,2017 BMW X5 xDrive35i,25998,58253
b1197,2017 Jeep Wrangler Unlimited Sport,26998,53291
b1198,2022 Land Rover Range Rover Velar R-Dynamic S,54998,9196
b1199,2021 MINI Cooper S,25298,16880
b1200,2020 BMW 330i Sedan,28996,22340
b1201,2020 Volvo XC60 T5 Momentum,32490,18138
b1202,2019 Chevrolet Equinox LS,20991,12714
b1203,2023 GMC Sierra 1500 AT4,68991,5487
b1204,2020 MAZDA CX-30 FWD,20090,14125
b1205,2021 MAZDA MAZDA3 s,23000,5622
b1206,2020 MAZDA CX-5 Touring,23007,29949
b1207,2020 MAZDA CX-5 Grand Touring,24762,29729
b1208,2022 Volkswagen Taos SE,25714,4398
b1209,2019 Audi A4 2.0T Premium,26945,13734
b1210,2020 Hyundai Elantra Value Edition,18490,21836
b1211,2019 Honda Civic LX,19490,21674
b1212,2020 Honda Accord LX,22900,22429
b1213,2020 Honda Accord LX,22900,24235
b1214,2020 Honda Civic Sport,22900,28420
b1215,2021 GMC Terrain SLE,23490,18427
b1216,2020 Honda CR-V LX,23490,28045
b1217,2022 Honda HR-V LX,23900,8060
b1218,2020 MAZDA CX-5 Grand Touring,24490,21952
b1219,2020 Honda Accord Sport,24490,29535
b1220,2020 Honda CR-V LX,24490,12982
b1221,2020 Honda CR-V LX,24490,16639
b1222,2020 MAZDA CX-5 Grand Touring,24900,15211
b1223,2021 Honda Civic EX,24900,2260
b1224,2021 Honda Accord Sport,26190,14133
b1225,2021 Honda Accord Sport,26490,16787
b1226,2020 Honda CR-V EX,26900,10627
b1227,2020 Honda CR-V EX,26900,9160
b1228,2021 Honda CR-V EX,27490,14433
b1229,2020 Honda CR-V EX-L,27900,26985
b1230,2021 MAZDA CX-9 Touring,28490,19817
b1231,2021 Honda CR-V EX-L,28490,19851
b1232,2021 Honda CR-V EX,28490,3395
b1233,2021 Audi Q3 2.0T Premium,30900,11041
b1234,2012 Nissan Altima 2.5 SL,4990,98272
b1235,2015 Chevrolet Silverado 1500 LT,14490,104141
b1236,2019 Chevrolet Equinox LS,17490,48780
b1237,2019 Toyota Corolla LE,18490,26576
b1238,2020 Nissan Kicks SR,20490,28727
b1239,2016 RAM 1500 Express,22990,51046
b1240,2018 Chevrolet Traverse Premier,28990,42735
b1241,2020 Chevrolet Traverse LT,29490,36843
b1242,2023 Hyundai Santa Cruz SEL,32990,1226
b1243,2022 Chevrolet Silverado 1500 LT,47490,5260
b1244,2022 Chevrolet Suburban LT,66990,8917
b1245,2015 Audi Q5 2.0T Premium,15000,77901
b1246,2020 Kia Forte LXS,18000,8050
b1247,2018 Hyundai Elantra SEL,14709,43260
b1248,2018 Hyundai Sonata SE,17299,17512
b1249,2020 Hyundai Elantra Value Edition,17699,24065
b1250,2020 Hyundai Sonata SE,20299,15160
b1251,2021 Hyundai Sonata SEL,20899,14515
b1252,2020 Hyundai Sonata SEL,20899,24061
b1253,2020 Hyundai Santa Fe SE,20999,23725
b1254,2020 Honda HR-V Sport,21999,21522
b1255,2020 Hyundai Santa Fe SEL,23299,21662
b1256,2021 MINI Cooper S,23994,12973
b1257,2020 Toyota RAV4 LE,24199,27488
b1258,2021 MINI Cooper S,24849,11758
b1259,2020 Subaru Outback Premium,25399,19351
b1260,2021 Hyundai Santa Fe SEL,25799,17299
b1261,2021 Genesis G70 2.0T,30155,13052
b1262,2021 Genesis G70 2.0T,30402,15969
b1263,2020 BMW X3 sDrive30i,32199,21257
b1264,2023 Hyundai Tucson Limited,33799,8561
b1265,2021 Cadillac CT4 Sport,35899,14812
b1266,2023 Hyundai Santa Fe Calligraphy,37299,4365
b1267,2023 Genesis G70 2.0T,39099,7014
b1268,2022 Chrysler Pacifica Limited,40899,7274
b1269,2019 BMW 540i,34989,37454
b1270,2021 BMW X3 sDrive30i,37438,15986
b1271,2020 BMW X4 xDrive30i,44948,24394
b1272,2021 Cadillac XT5 Luxury,30994,18291
b1273,2021 Cadillac XT5 Luxury,31996,9715
b1274,2021 Cadillac CT5 Luxury,32495,17850
b1275,2020 Cadillac XT6 Premium Luxury,36493,22386
b1276,2022 Cadillac CT5 Sport,44993,2620
b1277,2021 INFINITI QX50 Sensory,32994,18933
b1278,2020 Nissan Pathfinder S,23435,27133
b1279,2020 Subaru WRX Limited,30935,20244
b1280,2017 Kia Cadenza Premium,15148,68625
b1281,2020 Toyota Camry LE,21535,17175
b1282,2019 Chevrolet Colorado W/T,24877,16263
b1283,2020 Volkswagen Tiguan SE R-Line,25899,16755
b1284,2019 Mercedes-Benz C 300 Sedan,29683,22942
b1285,2020 BMW 330i xDrive Sedan,31395,20411
b1286,2021 Lexus NX 300 F Sport,33798,22496
b1287,2022 Chevrolet Silverado 1500 Custom,35780,4843
b1288,2020 Lexus ES 350 F Sport,36970,25552
b1289,2019 Audi e-tron Premium Plus,37889,20877
b1290,2019 Chevrolet Silverado 1500 LTZ,39066,25276
b1291,2021 INFINITI Q50 Red Sport 400,39592,15830
b1292,2019 Chevrolet Silverado 1500 LTZ,40985,23592
b1293,2022 Chevrolet Silverado 1500 RST,44645,7676
b1294,2020 Chevrolet Silverado 1500 LTZ,44781,27512
b1295,2022 Mercedes-Benz Sprinter 144" Cargo,48470,12100
b1296,2022 Chevrolet Silverado 1500 LTZ,48988,5784
b1297,2021 Chevrolet Silverado 1500 High Country,50593,18618
b1298,2021 Chevrolet Silverado 1500 High Country,51321,7969
b1299,2022 Chevrolet Silverado 1500 RST,53895,5584
b1300,2020 Audi A3 2.0T,24012,36538
b1301,2020 Audi SQ5 Premium Plus,44056,13054
b1302,2021 Chevrolet Silverado 1500 Custom,33800,8676
b1303,2023 Chevrolet Silverado 1500 RST,52607,1314
b1304,2020 Toyota Corolla SE,20900,29366
b1305,2021 MAZDA CX-30 FWD 2.5 S,21900,13793
b1306,2020 MAZDA CX-5 Sport,21990,29700
b1307,2021 MAZDA CX-30 AWD 2.5 S,22900,13835
b1308,2020 Porsche Macan Turbo,67900,19723
b1309,2019 Mercedes-Benz S 560 4MATIC Coupe,69991,30219
b1310,2017 Honda Civic LX,16490,39041
b1311,2020 Kia Optima S,19990,23175
b1312,2018 Chevrolet Camaro LT,22490,39477
b1313,2020 Chevrolet Equinox Premier,23490,27430
b1314,2021 Chevrolet Traverse LS,26990,15869
b1315,2022 Volkswagen Tiguan SE,27690,7468
b1316,2021 Chevrolet Traverse LS,28490,18251
b1317,2020 Chevrolet Traverse LT,28490,20339
b1318,2017 Hyundai Elantra Value Edition,16591,42206
b1319,2020 Nissan Sentra SV,19995,24599
b1320,2021 Nissan Rogue Sport S,20995,15939
b1321,2020 Nissan Rogue Sport SV,20995,15160
b1322,2020 Nissan Rogue Sport SV,20998,9623
b1323,2020 Nissan Rogue Sport SV,21652,19415
b1324,2020 Honda HR-V Sport,22995,26578
b1325,2023 Nissan Rogue SV,28495,6842
b1326,2020 Jeep Grand Cherokee Altitude,31825,27679
b1327,2015 GMC Sierra 1500 SLT,31995,62011
b1328,2021 BMW X3 sDrive30i,37890,8339
b1329,2021 Ford Bronco Black Diamond,40991,12976
b1330,2017 Buick Envision Essence,16799,43483
b1331,2021 Buick Encore GX Preferred,18998,18659
b1332,2020 Buick Encore GX Select,21700,16541
b1333,2020 GMC Terrain SLT,23997,26254
b1334,2020 Buick Enclave Essence,26989,13013
b1335,2018 BMW 650i,37998,35654
b1336,2021 Dodge Challenger GT,27995,22349
b1337,2016 Dodge Durango R/T,22491,83285
b1338,2021 Chevrolet TrailBlazer RS,24990,16357
b1339,2019 INFINITI Q50 Pure,26790,6869
b1340,2020 Subaru WRX Premium,28320,23685
b1341,2020 Buick Envision Premium,29590,16265
b1342,2021 Chevrolet Blazer RS,32310,10148
b1343,2020 Lexus RX 350 FWD,37990,27833
b1344,2023 Buick Enclave Essence,38690,408
b1345,2021 Buick Encore Preferred,21595,9356
b1346,2020 Cadillac XT5 Premium Luxury,35595,22130
b1347,2020 Lincoln Aviator Reserve,42995,23608
b1348,2022 Dodge Durango GT,39999,7578
b1349,2019 RAM 3500 Limited,78500,22386
b1350,2019 Volkswagen Jetta S,18399,25904
b1351,2020 Volkswagen Passat 2.0T S,18599,28894
b1352,2021 Volkswagen Jetta SE,21990,16135
b1353,2022 Volkswagen Taos SE,25990,5575
b1354,2020 Toyota RAV4 XLE Premium,27991,15026
b1355,2019 Jaguar F-PACE Prestige,31545,33262
b1356,2020 Jaguar E-PACE Checkered Flag,33127,18859
b1357,2023 Chevrolet Silverado 1500 LT,40170,1822
b1358,2020 Jaguar F-PACE S,40915,27480
b1359,2019 Volkswagen Jetta S,17499,16251
b1360,2020 Audi A6 2.0T Premium,35900,25485
b1361,2015 Chrysler 200 C,13498,56819
b1362,2017 Chevrolet Malibu Hybrid,15498,53020
b1363,2015 Cadillac XTS Luxury,15798,74649
b1364,2016 Kia Optima SX,15998,74940
b1365,2016 Mercedes-Benz C 300 Sedan,17798,70233
b1366,2015 Jaguar XJ L Portfolio,18498,70964
b1367,2017 MAZDA CX-3 Grand Touring,18998,39510
b1368,2017 Chrysler 300 S,19998,63839
b1369,2019 Jeep Cherokee Limited,21498,30910
b1370,2016 Mercedes-Benz GLE 350,21998,65874
b1371,2020 Honda Accord Sport,23998,39525
b1372,2016 BMW X6 xDrive35i,26998,77642
b1373,2020 BMW 530e,30498,35241
b1374,2020 Mercedes-Benz S 560 4MATIC Sedan,65217,25192
b1375,2020 Toyota Corolla SE,21591,26905
b1376,2020 Ford Escape SE,21791,13957
b1377,2019 Toyota RAV4 LE,23991,38728
b1378,2020 Ford Edge Titanium,27691,29878
b1379,2016 Ford F150 XLT,28602,29969
b1380,2020 Ford Explorer XLT,29191,24859
b1381,2021 Lexus RC 300,37991,16619
b1382,2020 Land Rover Range Rover Velar R-Dynamic S,42991,21415
b1383,2018 Ford Expedition Platinum,45691,43257
b1384,2022 Ford Bronco 4-Door,52391,6001
b1385,2009 INFINITI G37 Journey,5095,191767
b1386,2016 Dodge Grand Caravan R/T,16495,51422
b1387,2014 BMW 428i Coupe,17195,69466
b1388,2020 Ford Fusion SE,18695,32976
b1389,2020 Toyota Corolla LE,19495,22994
b1390,2015 Mercedes-Benz E 400 Coupe,20995,67044
b1391,2019 Jeep Compass Latitude,21195,32632
b1392,2017 Cadillac XT5 FWD,22295,48665
b1393,2014 Cadillac Escalade Premium,22695,113187
b1394,2021 Honda Civic Sport,22895,21018
b1395,2017 Dodge Durango SXT,23595,53975
b1396,2016 Lexus NX 200t F Sport,24495,40272
b1397,2019 Honda Accord Sport,24695,23600
b1398,2019 Alfa Romeo Giulia,25095,43496
b1399,2020 Honda Accord Sport,25495,13647
b1400,2019 Jeep Grand Cherokee Laredo,26895,34379
b1401,2020 Honda Civic Si,26995,18785
b1402,2019 Honda Civic Si,26995,26542
b1403,2018 BMW 430i,27495,24042
b1404,2020 Honda Odyssey LX,28095,27905
b1405,2019 Toyota RAV4 XLE Premium,28095,37231
b1406,2018 BMW 430i Convertible,28495,40227
b1407,2019 Dodge Durango GT,28595,54293
b1408,2019 Alfa Romeo Stelvio Ti,31295,24980
b1409,2020 Lexus NX 300 F Sport,33695,25375
b1410,2020 Volvo XC90 T5 Momentum,37295,23120
b1411,2020 RAM 1500 Big Horn,38295,29607
b1412,2020 Tesla Model Y Performance,41295,40835
b1413,2020 Audi SQ5 Premium Plus,42585,25623
b1414,2015 Chevrolet Corvette Stingray Coupe,46995,21964
b1415,2020 Freightliner Sprinter 2500,47495,24399
b1416,2019 Ford Expedition Max Limited,48195,33525
b1417,2020 GMC Sierra 1500 AT4,53495,17178
b1418,2019 Ford Fiesta SE,14991,13435
b1419,2020 Nissan Rogue SV,22991,7328
b1420,2022 Volkswagen Tiguan SE,28995,5055
b1421,2020 Mercedes-Benz GLC 300 4MATIC,35985,36867
b1422,2015 Honda Civic EX-L,14321,68150
b1423,2022 MAZDA CX-9 Touring Plus,32881,9948
b1424,2019 Ford F150 Raptor,58695,36981
b1425,2020 Nissan Altima 2.5 SR,21995,24451
b1426,2020 Honda Accord LX,23352,23987
b1427,2020 Honda CR-V EX,26387,28549
b1428,2019 Alfa Romeo Stelvio Ti Sport,27000,44134
b1429,2020 Cadillac XT5 Luxury,30000,19921
b1430,2020 Cadillac XT5 Luxury,31000,18722
b1431,2020 Cadillac XT4 Sport,31300,19657
b1432,2020 BMW 430i,31500,28474
b1433,2022 Cadillac CT4 Luxury,32500,7920
b1434,2021 Mercedes-Benz GLA 250,32500,28261
b1435,2022 Cadillac CT4 Luxury,34000,2933
b1436,2021 Mercedes-Benz GLC 300,37500,19344
b1437,2022 Cadillac CT5 Luxury,37500,3838
b1438,2022 Cadillac XT5 Premium Luxury,44500,2506
b1439,2020 GMC Sierra 2500 Denali,67000,32971
b1440,2018 Lexus LC 500 Coupe,67500,30482
b1441,2023 Audi Q5 2.0T Premium,41900,6815
b1442,2014 Hyundai Tucson GLS,10500,72105
b1443,2019 Honda Passport Sport,25000,46003
b1444,2022 Chevrolet Equinox LT,25100,5715
b1445,2020 Buick Enclave Essence,27200,36920
b1446,2021 GMC Acadia AT4,35200,24933
b1447,2020 Toyota 4Runner Nightshade,41400,40228
b1448,2020 BMW X3 M40i,43000,42343
b1449,2019 MINI Cooper 2-Door Hardtop,17498,41556
b1450,2019 MINI Cooper 4-Door Hardtop,18794,42738
b1451,2020 MINI Cooper 2-Door Hardtop,21264,30761
b1452,2021 Toyota C-HR LE,25355,17843
b1453,2020 Audi A3 2.0T,26390,22900
b1454,2020 Honda Civic Si,26900,30782
b1455,2022 Hyundai Santa Fe SEL,27848,11296
b1456,2018 Audi SQ5 Prestige,32706,53089
b1457,2020 Mercedes-Benz C 300 Sedan,32908,34491
b1458,2021 Volkswagen Atlas SE,34017,29240
b1459,2021 BMW 330i Sedan,34287,16795
b1460,2021 BMW 330i Sedan,36482,8410
b1461,2020 BMW X3 sDrive30i,36761,15199
b1462,2021 Lexus ES 350 F Sport,39479,26928
b1463,2021 BMW X3 sDrive30i,39998,18801
b1464,2019 Jeep Wrangler Rubicon,40099,38702
b1465,2020 BMW X4 xDrive30i,43327,30940
b1466,2019 Land Rover Range Rover Evoque HSE Dynamic,45461,42947
b1467,2019 GMC Sierra 1500 Denali,49227,58794
b1468,2020 Mercedes-Benz GLC 43 AMG 4MATIC,51395,34542
b1469,2019 Mercedes-Benz GLS 550 4MATIC,55773,35815
b1470,2020 BMW X6 sDrive40i,57862,27819
b1471,2021 Audi Q8 Premium Plus,58523,24570
b1472,2023 Ford Bronco Big Bend,62055,1986
b1473,2020 Porsche Cayenne S,76544,25429
b1474,2017 Mercedes-Benz S 63 AMG 4MATIC Cabriolet,79999,34210
b1475,2022 Ford F250 Lariat,80611,7320
b1476,2021 Porsche Cayenne E-Hybrid,81551,19778
b1477,2021 RAM 1500 TRX,84336,26858
b1478,2020 Land Rover Range Rover Long Wheelbase HSE,87031,14409
b1479,2022 Porsche Taycan 4S,109998,4844
b1480,2023 BMW M8 Convertible,129999,4238
b1481,2022 Porsche 911 Carrera GTS,188429,1424
b1482,2023 Land Rover Range Rover Long Wheelbase Autobiography,208697,1642
b1483,2018 BMW X3 xDrive30i,23694,66912
b1484,2020 Mercedes-Benz GLA 250,29846,17428
b1485,2021 MINI Cooper S,32871,10726
b1486,2020 Cadillac XT6 Premium Luxury,35375,36473
b1487,2023 Cadillac XT4 Premium Luxury,43891,2665
b1488,2016 FIAT 500X Easy,8199,72427
b1489,2016 BMW 328i Sedan,11599,79563
b1490,2016 Kia Sedona LX,11899,80605
b1491,2017 BMW i3,17899,43824
b1492,2018 Mercedes-Benz C 300 Coupe,19899,68701
b1493,2016 Hyundai Genesis 3.8,20494,62563
b1494,2020 Dodge Charger SXT,27589,23202
b1495,2021 Ford F150 XL,35374,19581
b1496,2018 Porsche Macan Sport Edition,37068,40491
b1497,2015 Hyundai Veloster Turbo,12998,56912
b1498,2017 Nissan Rogue S,13798,63885
b1499,2017 Kia Sorento LX,14498,52536
b1500,2017 Nissan Maxima 3.5 SL,15998,49575
b1501,2015 Chevrolet Camaro LS,15998,35878
b1502,2016 Toyota RAV4 LE,17498,64032
b1503,2021 Nissan Sentra SR,18498,23601
b1504,2020 Nissan Rogue SV,19998,29997
b1505,2018 Chrysler Pacifica Touring-L,20998,47698
b1506,2020 RAM ProMaster City Tradesman,23198,19702
b1507,2019 Ford F150 XL,23998,59078
b1508,2022 Nissan Murano S,25998,2802
b1509,2018 Ford F150 XLT,27998,36228
b1510,2021 Nissan Titan S,29998,23985
b1511,2022 Nissan Rogue SL,30998,6791
b1512,2023 Hyundai Santa Cruz SEL Premium,32998,1685
b1513,2018 Buick Enclave Premium,24990,41541
b1514,2021 Acura TLX SH-AWD,36983,25185
b1515,2009 Honda CR-V EX-L,11676,71513
b1516,2020 Hyundai Kona SEL,18732,23177
b1517,2018 Toyota RAV4 LE,20333,44818
b1518,2017 Jeep Grand Cherokee Limited,23268,44640
b1519,2020 Honda Accord Sport,24359,29007
b1520,2020 Honda CR-V EX-L,27092,21957
b1521,2020 Honda CR-V Touring,27365,24318
b1522,2020 Honda Pilot EX,27663,14906
b1523,2020 Audi Q3 2.0T Premium,29087,22472
b1524,2021 Honda Pilot EX,29311,19874
b1525,2019 Honda Ridgeline RTL,29834,25592
b1526,2020 Honda Pilot Touring,30289,29079
b1527,2021 Honda Passport EX-L,31579,14709
b1528,2021 Honda Pilot Special Edition,32574,19482
b1529,2021 Honda Pilot Special Edition,32762,17138
b1530,2021 Honda Pilot Special Edition,36801,13096
b1531,2020 Toyota RAV4 XLE,27990,25603
b1532,2020 Toyota RAV4 XLE,28990,28074
b1533,2020 Toyota RAV4 XLE,29990,21784
b1534,2020 Toyota RAV4 XLE,29990,21540
b1535,2020 Toyota Camry SE,30990,21498
b1536,2019 Toyota RAV4 Limited,31990,38836
b1537,2020 Toyota Tacoma SR5,32990,32936
b1538,2020 Lexus ES 350 F Sport,35990,15563
b1539,2021 Dodge Charger GT,29490,18650
b1540,2020 Mercedes-Benz S 560 Sedan,67850,27902
b1541,2020 Toyota Corolla LE,18299,37652
b1542,2020 Toyota Corolla LE,18999,38340
b1543,2021 Toyota Corolla LE,19399,24035
b1544,2021 Toyota Corolla LE,19999,8895
b1545,2022 Toyota Corolla LE,21799,10679
b1546,2019 Toyota Corolla XSE,21855,49294
b1547,2022 Toyota Corolla LE,21999,9532
b1548,2020 Honda Civic Sport,21999,35825
b1549,2021 Toyota C-HR LE,23399,16421
b1550,2020 Toyota RAV4 LE,23599,42159
b1551,2021 Toyota Camry SE,23989,19240
b1552,2019 Toyota Camry XSE,25976,30865
b1553,2022 Dodge Charger SXT,27599,546
b1554,2019 Honda Pilot Touring,30999,26392
b1555,2020 Toyota Highlander XLE,32454,30697
b1556,2020 Lexus ES 350,33599,24644
b1557,2023 Toyota Highlander XLE,41599,5657
b1558,2022 Toyota Tacoma Limited,43199,5519
b1559,2023 Toyota Tundra 1794 Edition,65898,3025
b1560,2018 Ford EcoSport SE,16990,26175
b1561,2019 Lincoln MKZ Reserve,24990,28003
b1562,2019 Mercedes-Benz GLA 250,24990,33775
b1563,2018 Mercedes-Benz GLE 43 AMG 4MATIC,39990,40313
b1564,2020 Cadillac Escalade ESV Premium Luxury,63954,24903
b1565,2019 Toyota Camry SE,21590,25669
b1566,2017 Audi A4 2.0T Premium Plus,22991,30992
b1567,2020 Ford Edge Titanium,22991,20305
b1568,2019 Ford Mustang Premium,24791,37131
b1569,2019 Lincoln MKZ Reserve,25989,8960
b1570,2022 Hyundai Santa Fe SEL,25999,6037
b1571,2020 Ford Ranger XLT,28891,13415
b1572,2020 Ford Explorer XLT,28995,29557
b1573,2017 Lexus RX 350 FWD,29899,51039
b1574,2020 Ford Ranger XLT,29991,19813
b1575,2020 Ford Explorer XLT,30999,16771
b1576,2021 Chevrolet Silverado 1500 Custom,31399,22245
b1577,2020 Ford F150 XL,31882,18203
b1578,2022 Ford F150 XL,37573,6876
b1579,2021 Ford Bronco Big Bend,41699,17704
b1580,2021 Ford Mustang Mach-E GT,44994,13750
b1581,2019 Ford F350 Lariat,66991,31350
b1582,2023 Chevrolet Tahoe High Country,78991,2193
b1583,2017 Chevrolet Silverado 1500 LT,26900,53963
b1584,2019 Dodge Charger GT,27900,32590
b1585,2021 Dodge Durango GT,36600,22865
b1586,2019 Maserati Ghibli S Q4,39500,13397
b1587,2023 Toyota Highlander XLE,41900,6221
b1588,2021 Dodge Charger Scat Pack,45900,19350
b1589,2022 Genesis GV80 2.5T,51900,9595
b1590,2023 RAM 1500 Limited,65900,4790
b1591,2022 Chevrolet Tahoe High Country,69900,7943
b1592,2018 BMW 430i,18500,55321
b1593,2020 Buick Encore GX Select,20990,23356
b1594,2020 GMC Terrain SLT,23990,31415
b1595,2019 Alfa Romeo Stelvio AWD,27690,29851
b1596,2020 Hyundai Palisade SEL,31990,25094
b1597,2018 Toyota Tacoma Limited,35990,30377
b1598,2022 GMC Acadia Denali,42490,7150
b1599,2020 GMC Sierra 1500 Denali,48990,23225
b1600,2020 Chevrolet Spark LT,12998,32190
b1601,2016 Kia Optima SX,17498,58245
b1602,2020 Toyota Corolla LE,17498,41437
b1603,2020 Chevrolet Equinox LS,17998,34384
b1604,2019 MAZDA MAZDA3 Sedan,19498,35842
b1605,2017 Honda Civic EX-T,19798,38509
b1606,2017 Toyota Avalon Limited,22498,48534
b1607,2020 BMW 330i Sedan,26998,41133
b1608,2020 BMW 330i Sedan,29498,20339
b1609,2020 BMW 530e,31998,30363
b1610,2022 Audi A4 2.0T Premium Plus,34998,9916
b1611,2019 Dodge Durango Citadel,36998,26980
b1612,2022 Mercedes-Benz GLC 300 4MATIC,39998,9269
b1613,2018 Porsche 718 Cayman S,61998,26681
b1614,2019 BMW X4 xDrive30i,37990,36575
b1615,2020 Jaguar I-PACE SE,41756,13126
b1616,2020 Volvo S60 T5 Momentum,25990,14546
b1617,2019 Volvo XC40 T5 Inscription,28490,39473
b1618,2020 Volvo XC40 T5 Momentum,28490,22181
b1619,2018 Volvo XC90 T6 Momentum,30990,26248
b1620,2020 Volvo XC40 T4 Inscription,30990,12868
b1621,2019 Volvo XC90 T6 Inscription,36990,36224
b1622,2019 Volvo XC60 T8 R-Design,37990,24889
b1623,2021 Honda Civic LX,22995,25729
b1624,2021 Volkswagen Arteon SE,27995,15572
b1625,2019 Cadillac XT4 Sport,27995,25701
b1626,2021 Dodge Challenger GT,28995,13454
b1627,2020 Chevrolet Blazer LT,28995,13541
b1628,2020 Chevrolet Colorado LT,28995,24563
b1629,2020 Volkswagen Atlas SEL,28995,28743
b1630,2016 Ford Mustang GT Premium,29995,24093
b1631,2019 Lexus GS 350 F Sport,32995,37739
b1632,2020 GMC Acadia Denali,33995,17608
b1633,2018 BMW 740i,34555,41500
b1634,2022 Chevrolet Silverado 1500 W/T,34995,5093
b1635,2021 Lexus ES 350 F Sport,35995,19944
b1636,2021 GMC Canyon AT4,35995,19151
b1637,2020 Chevrolet Silverado 1500 RST,38995,24522
b1638,2021 Genesis GV80 2.5T,44991,27320
b1639,2022 Chevrolet Silverado 1500 ZR2,64995,7552
b1640,2022 Chevrolet Camaro ZL1,68590,2320
b1641,2021 Mercedes-Benz GLC 43 AMG 4MATIC,57000,9396
b1642,2020 Audi S7 Premium Plus,64900,24136
b1643,2021 Mercedes-Benz GLE 53 AMG 4MATIC,71000,19628
b1644,2014 Porsche 911 Turbo,112500,21000
b1645,2016 Honda Civic EX-T,18358,38211
b1646,2019 Toyota C-HR XLE,21520,30133
b1647,2020 MAZDA CX-5 Sport,21887,26194
b1648,2020 MAZDA CX-5 Sport,21924,28261
b1649,2020 MAZDA CX-5 Sport,22044,24572
b1650,2020 MAZDA CX-5 Sport,22050,24723
b1651,2018 MAZDA CX-5 Touring,22458,27644
b1652,2018 MAZDA CX-5 Touring,22499,33186
b1653,2021 MAZDA CX-5 Sport,22562,29459
b1654,2018 MAZDA CX-5 Grand Touring,22848,37890
b1655,2020 MAZDA CX-5 Touring,23231,23426
b1656,2020 MAZDA CX-5 Touring,23379,31296
b1657,2020 MAZDA CX-5 Touring,23547,29867
b1658,2021 Honda HR-V Sport,23632,19027
b1659,2020 Volkswagen Tiguan SE,23852,14900
b1660,2021 Toyota C-HR LE,24133,12332
b1661,2020 MAZDA CX-5 Touring,24200,13270
b1662,2019 MAZDA CX-9 Touring,24666,36723
b1663,2021 MAZDA MAZDA6 Sport,24754,15183
b1664,2020 MAZDA CX-5 Grand Touring,25093,28644
b1665,2020 MAZDA CX-5 Grand Touring,25223,13869
b1666,2020 MAZDA CX-5 Grand Touring,25464,16444
b1667,2021 MAZDA CX-5 Touring,25877,14720
b1668,2021 MAZDA CX-30 FWD 2.5 S,26732,15943
b1669,2021 MAZDA CX-30 AWD 2.5 S,26768,16545
b1670,2022 MAZDA CX-5 AWD 2.5 S,27500,4191
b1671,2022 MAZDA CX-5 AWD 2.5 S,28172,9618
b1672,2019 BMW X2 xDrive28i,29993,23729
b1673,2023 MAZDA CX-5 AWD 2.5 S,31144,1878
b1674,2019 Chevrolet Malibu RS,17900,55296
b1675,2019 Honda Civic LX,19900,39151
b1676,2021 Honda Civic LX,20490,28598
b1677,2020 MAZDA CX-5 Touring,21900,29354
b1678,2021 Honda HR-V LX,22490,19430
b1679,2021 Chevrolet Colorado LT,22900,19255
b1680,2019 Honda Civic EX,22900,38995
b1681,2022 Honda HR-V LX,22900,14120
b1682,2021 Honda Civic Sport,23490,19715
b1683,2022 Honda HR-V Sport,23900,11280
b1684,2020 Honda Accord Sport,23900,34523
b1685,2020 Honda Accord Sport,24900,13605
b1686,2020 Honda CR-V EX,24900,41981
b1687,2022 Honda Civic Sport,25490,14050
b1688,2022 Honda Civic Sport,25900,11425
b1689,2022 Honda Civic EX,25900,12760
b1690,2021 Honda Accord Sport,26490,20067
b1691,2021 Honda CR-V EX,26490,27061
b1692,2022 Honda HR-V EX-L,26490,6381
b1693,2021 Honda Accord Sport Special Edition,26490,20765
b1694,2023 Honda HR-V LX,26490,3415
b1695,2023 Honda HR-V Sport,26900,7200
b1696,2021 Honda Accord Sport,26900,17809
b1697,2020 Honda CR-V EX,26900,20555
b1698,2021 Honda CR-V EX,26900,13070
b1699,2020 Honda CR-V EX-L,27190,17754
b1700,2021 Honda CR-V EX,27290,11600
