ID,Title,Price,Location
1,WANTED  -  classic  dune buggy  kit car  custom or ?,$123,west bend
2,44x26‚Äô 100% QUALITY STEEL GARAGE CAR STORAGE METAL BUILDING BARN SHOP,$18980,unknown
3,2018 equinox awd,$11900,Milwaukee
4,2001 dodge ram,$3300,Milwaukee
5,1984 Mazda RX-7 GSL,$7000,unknown
6,Chrysler 200 LIMITED,$6500,Milwaukee eastside
7,2014 Jaguar XJL Portfolio Supercharged AWD,$19999,Milwaukee
8,2016 Chevy Express 4500 Shuttle/Party/Limo/Church Bus,$13950,Kansas City
9,2005 Chevy Malibu maxx,$2850,Milwaukee
10,Car bike rack,$40,Oak Creek
11,Toyota 4Runner excellent condition,$6500,Waukesha
12,2014 Ford Transit Connect Cargo,$13995,Mundelein IL
13,2003 GMC Sierra 2500 HD,$5800,unknown
14,2008 Chevy equinox with 109k miles,$6500,Milwaukee
15,Diono Radian rXT Car Seat,$30,unknown
16,*** 2014 Ram Promaster 2500 159‚Äù High Roof Carfax Impeccable Service,$12990,Wauwatosa
17,Volkswagen Rabbit 2.5l,$3000,Milwaukee
18,2007 SUBARU FORESTER AWD L.L.BEAN EDITION AWD,$6995,MuskegoWI
19,2013 FORD F150,$16995,1214 south 6th st
20,2013 JEEP GRAND CHEROKEE,$15995,1214 south 6th st
21,international pro star,$60000,Brookfield
22,2007 Hyundai Santa Fe,$3900,Milwaukee
23,2014 Chevy Silverado LTZ,$21250,Oak Creek
24,2017 Toyota Camry LE Sedan 4D,$18995,unknown
25,2017 Nissan Altima 2.5 SV (2017.5) Sedan 4D,$13995,unknown
26,2017 Ford Focus SE Sedan 4D,$12995,unknown
27,2015 Chevrolet Equinox LT Sport Utility 4D,$14995,unknown
28,2020 Chevrolet Trax LS Sport Utility 4D,$15995,unknown
29,2018 Land Rover Range Rover Sport HSE Dynamic Sport Utility 4D,$42995,unknown
30,2018 Chevrolet Equinox LT Sport Utility 4D,$17995,unknown
31,*** 2006 Kia Sedona LX 7 Passenger. Carfax Certified! Only 129K Miles!,$7490,Wauwatosa
32,Ford fusion,$4450,Milwaukee
33,2005 HONDA ODYSSEY EX-L W/DVD 1OWNER LEATHER SUNROOF ALLOY 115864,$900,WAUKEGANAUTOAUCTION.COM OPEN TO PUBLIC OVER 200 CARS WEEKLY
34,2016 Lincoln MKZ AWD*Nav*Back up cam*Push button start*Sunroof*,$13999,Car King in West Allis*10124 W. Greenfield Avenue
35,2013 Honda Civic*Back up camera*Keyless*Sunroof*,$6999,Car King in West Allis*10124 W. Greenfield Avenue
36,2007 Audi A4*84000 miles*Heated leather*Sunroof*Keyless*,$8999,Car King in West Allis*10124 W. Greenfield Avenue
37,2020 Ford F550 XL - Flatbed Utility Chassis Work Truck - 4WD 6.7L V8,$0,Medium Duty Trucks & Upfitting
38,2012 Kia Sedona*132000 miles*Back up camera*Keyless*,$6999,Car King in West Allis*10124 W. Greenfield Avenue
39,2014 NISSAN ROGUE S AWD GAS SAVER ALLOY GOOD TIRES CD 755284,$4900,WAUKEGANAUTOAUCTION.COM OPEN TO PUBLIC OVER 200 CARS WEEKLY
40,2014 Ram 1500 Crew Cab Laramie 5.7L Hemi,$15900,Crystal Lake
41,2018 NISSAN ROGUE S 4DR HATCHBACK FWD SUV 1 OWNER NO ACCIDENTS!!!!,$15895,HUBERTUS
42,1974 Datsun 260Z,$19000,Greendale
43,2015 CHEVROLET EQUINOX LT 2WD SUV VERY NICE! BRAND NEW TIRES!,$10995,HUBERTUS
44,2016 GMC TERRAIN SLE 1 AWD 4DR SUV  EXTREMELY CLEAN!!!,$13495,HUBERTUS
45,2012 HONDA CIVIC EX 4DR SEDAN GREAT RUNNING AND DRIVING CAR!,$9895,Hubertus
46,2012 HONDA CIVIC LX 4DR SEDAN ALMOST 40 MPG!!!!,$9895,HUBERTUS
47,2008 HONDA CIVIC EX 4DR SEDAN  AFFORDABLE RELIABLE HONDA CIVIC!,$5495,HUBERTUS
48,2002 CHEVROLET MALIBU LS 4DR SEDAN 110K LOW MILEAGE CLEAN CAR!,$5295,HUBERTUS
49,2007 HYUNDAI ACCENT SE 2DR HATCHBACK 5 SPEED MANUAL TRANSMISSION,$5295,HUBERTUS
50,2009 CHEVROLET MALIBU LT1 4DR SEDAN GREAT RUNNING AND DRIVING CAR!!!,$6995,HUBERTUS
51,Rightline Gear Car Top Cargo Bag,$50,unknown
52,2017 Lincoln MKC Premiere !!Bad Credit No Creditüí• NO PROBLEM!!,$18000,unknown
53,2021 CHEVROLET EXPRESS 14' BOX TRUCK **LIKE NEW** **LOW PROFILE**,$49800,SWARTZ CREEK MI
54,2008 SUBARU TRIBECA 7-PASS 3.6L H6 AWD ALLOY GOOD TIRES CD 407409,$4500,WAUKEGANAUTOAUCTION.COM OPEN TO PUBLIC OVER 200 CARS WEEKLY
55,1950 Plymouth,$9500,Milwaukee
56,Freightliner FL50,$8750,Milwaukee
57,16' and 17' CAR COVERS,$10,Lannon
58,2002 Dodge 2500HD 4X4,$7200,Menomonee Falls
59,2012 Chevy Corvette C6,$33900,West Bend
60,SEARS SPORT CAR TOP CARRIER,$60,WALKERS POINT
61,Used Car Dealership,$1800,Milwaukee
62,2017 GMC Savana cargo van 2500 series,$14800,unknown
63,2004 Chevrolet Trailblazer,$2100,Milwaukee
64,2012 Mercedes Benz Silver C300 4Matic Luxury Sport,$9495,Milwaukee
65,2010 Ford Fusion Sport 'AWD' v6  74 000 miles !!,$9995,dons tire & auto center ...butler
66,Factory KIA Rio Car Stereo,$20,Watertown
67,Mattel Hot Wheels Stock Car Race (2010) 5-Pack New Sealed Box OBO,$19,South Side of Milwaukee
68,2019 INFINITI Q50 3.0t LUXE !!Bad Credit No Creditüí• NO PROBLEM!!,$30000,unknown
69,2019 Ford Mustang EcoBoost !!Bad Credit No Creditüí• NO PROBLEM!!,$20500,unknown
70,2009 Nissan Rogue,$5250,Milwaukee
71,1991 Mercedes 350SDL Turbo Diesel-$14500-OBO,$14500,unknown
72,2013 INFINITI JX35 PREMIUM AWD SUV! 2 OWNERS! REAR DVD!,$14900,MEEKER HILL AUTO SALES- GERMANTOWN
73,2013 CHEVY TRAVERSE LT AWD LEATHER SUNROOF ALLOY GOOD TIRES 192710,$5500,WAUKEGANAUTOAUCTION.COM OPEN TO PUBLIC OVER 200 CARS WEEKLY
74,2004 Silverado 2500,$13000,unknown
75,2011 BUICK ENCLAVE CXL-1 AWD LEATHER ALLOY GOOD TIRES CD 140291,$5500,WAUKEGANAUTOAUCTION.COM OPEN TO PUBLIC OVER 200 CARS WEEKLY
76,2002 BOBBY LABONTE AUTOGRAPHED DIE CAST CAR,$50,Eagle Wi
77,2005 Chevy Silverado LS 1500 4wd,$4800,unknown
78,BOX Truck,$25000,Milwaukee
79,2007 LEXUS RX350 AWD SUV! 46 SERVICE RECORDS AT LEXUS!,$8950,MEEKER HILL AUTO SALES- GERMANTOWN
80,2010 ACURA TSX SEDAN! 2 OWNERS! ONLY 104000 MILES!,$11900,MEEKER HILL AUTO SALES- GERMANTOWN
81,2011 NISSAN FROTIER 4X4 CREW CAB TRUCK! 2 OWNERS! NEWER TIRES!,$13500,MEEKER HILL AUTO SALES- GERMANTOWN
82,2011 TOYOTA RAV4 4X4 SUV! 1 OWNER! NEW TIRES!,$12995,MEEKER HILL AUTO SALES- GERMANTOWN
83,Chicco GoFit Plus Backless Travel Booster Car Seat For children 40-110,$30,Milwaukee
84,2017 Ford F-150  !!Bad Credit No Creditüí• NO PROBLEM!!,$0,unknown
85,California car duster,$8,Germantown
86,2018 Ford F-150  !!Bad Credit No Creditüí• NO PROBLEM!!,$29500,unknown
87,1990 GEO Tracker Hardtop,$12000,Neosho
88,2018 Ford F-150  !!Bad Credit No Creditüí• NO PROBLEM!!,$36000,unknown
89,2012 Dodge Journey Crew,$3300,Brown Deer
90,Mini van,$10500,Milwaukee
91,68RFE 48re 47ram3500 Dodge Cummins 12v Turbo diesel f350 power stroke,$0,unknown
92,2002 Ford Explorer,$2500,Merton
93,GMC. Chevy short box rust free. Loaded Gas not diesel.Short box,$16500,South Milwaukee
94,Freightliner MT45 Stepvan 26' Food Truck,$89500,unknown
95,2011 INFINITI QX56 4X4 LEATHER ALLOY GOOD TIRES CD 002788,$6500,WAUKEGANAUTOAUCTION.COM OPEN TO PUBLIC OVER 200 CARS WEEKLY
96,2017 BUICK ENVISION PREMIUM II AWD #5022,$24950,Oconomowoc
97,Drop axle  car trailer,$1050,Oconomowoc
98,1998 Toyota Sienna,$2000,Milwaukee
99,2006 GMC Yukon Denali XL 1500,$4000,West Bend
100,2016 RAM 5500 Crew 4X4 6.7L CUMMINS 84 C/A 11 FT UTILITY SERVICE BOD,$59995,Loyal
101,2016 LINCOLN MKC RESERVE AWD. #5026,$20780,Oconomowoc
102,2002 SUBARU OUTBACK,$1999,ZION ILLINOIS
103,2017 Ford f550 Super Duty Crew 6.7L  POWERSTROKE FLATBED CHASSIS,$47995,Loyal
104,2007 CHEVROLET TRAILBLAZER,$4999,MILWAUKEE WI
105,2013 CHEVROLET SONIC,$4999,MILWAUKEE WI
106,2007 BUICK LUCERNE,$3999,MILWAUKEE WI
107,2017 DODGE JOURNEY GT AWD #4921,$15780,Oconomowoc
108,2005 TOYOTA SIENNA,$3499,MILWAUKEE WI
109,1998 4runner,$3000,Waukesha
110,2008 LEXUS IS 250 AWD LEATHER SUNROOF ALLOY GOOD TIRES CD 024272,$5500,WAUKEGANAUTOAUCTION.COM OPEN TO PUBLIC OVER 200 CARS WEEKLY
111,2006 PONTIAC G6,$3999,MILWAUKEE WI
112,2017 FORD FIESTA,$6995,MILWAUKEE WI
113,2016 HYUNDAI ELANTRA  GT,$5999,MILWAUKEE WI
114,2005 MERCEDES-BENZ S430,$5999,MILWAUKEE WI
115,2006 CADILLAC DTS,$2999,MILWAUKEE WI
116,2004 MAZDA MPV,$3999,MILWAUKEE WI
117,2009 NISSAN ALTIMA,$5999,MILWAUKEE WI
118,2009 MAZDA MAZDA6,$5999,MILWAUKEE WI
119,2011 Audi Q5 3.2L Premium Plus,$7000,Muskego
120,2013 ACURA RDX V6 AWD SUV! 2 OWNERS! BLUE TOOTH!,$13995,MEEKER HILL AUTO SALES- GERMANTOWN
121,Sunnyside Deck Wash or CAR WASH CONCENTRATE,$2,Greenfield
122,2014 Chevy Impala LTZ*Bose*Remote start*Heated leather*Sunroof*Aux*,$5999,Car King in West Allis*10124 W. Greenfield Avenue
123,2008 Nissan Altima SL*Heated Leather*Sunroof*Push button start*Aux*,$5999,Car King in West Allis*10124 W. Greenfield Avenue
124,2009 Dodge Charger*Heated leather*Sunroof*Chrome wheels*Sony/Aux*,$7999,Car King in West Allis*10124 W. Greenfield Avenue
125,2007 Pontiac G6*137000 miles*Keyless*Sunroof*Alloy wheels*,$5499,Car King in West Allis*10124 W. Greenfield Avenue
126,2010 Acura MDX SH/AWD*Nav*Heated leather*Back up cam*Sunroof*,$8999,Car King in West Allis*10124 W. Greenfield Avenue
127,2007 Lexus ES350*Heated & cooled leather seats*Sunroof*Keyless*,$6999,Car King in West Allis*10124 W. Greenfield Avenue
128,2009 Hyundai Sonata*Keyless*Sunroof*Dual exhaust*,$4999,Car King in West Allis*10124 W. Greenfield Avenue
129,2010 Volvo S80*Sunroof*Heated leather*Push button start*,$7999,Car King in West Allis*10124 W. Greenfield Avenue
130,2006 Acura TSX 6-Speed Manual,$6800,New Berlin
131,2003 Harley electric glide classic,$7500,Milwaukee
132,2011 Hyundai Sonata parts Texas Car,$0,Slinger
133,used car and truck parts all makes and models,$0,slinger
134,Sens Portable DVD player Rechargeable Battery Ear Pods/For Car,$28,milwaukee
135,2001 Silverado,$3000,Eagle
136,2003 Honda CRV Great for parts or a major fixer upper,$500,Bayview
137,1963 Studebaker Lark Daytona Wagonaire V8 63V Parts Car Station Wagon,$700,Franklin
138,57 Chevy Cheetos Store Display Pedal Car,$250,Waukesha
139,2010 MERCURY MILAN,$5999,MILWAUKEE WI
140,2012 JEEP PATRIOT,$5999,MILWAUKEE WI
141,2017 HYUNDAI SONATA,$12999,MILWAUKEE WI
142,2005 MITSUBISHI ENDEAVOR,$3999,MILWAUKEE WI
143,1999 FORD E-150,$4999,MILWAUKEE WI
144,2007 INFINITI M35,$8999,MILWAUKEE WI
145,2007 CHEVROLET IMPALA,$3999,MILWAUKEE WI
146,2002 TOYOTA SEQUOIA,$3999,MILWAUKEE WI
147,2006 JEEP COMMANDER,$4999,MILWAUKEE WI
148,2007 NISSAN ALTIMA,$4999,MILWAUKEE WI
149,2014 Freightliner Cascadia 113 Day Cab Tractor,$18800,unknown
150,Ford Edge Limited 2011 AWD,$7500,Mequon
151,2006 Chevy Silverado,$5000,Brown Deer
152,super clean sonata,$9999,west aliis
153,2016 Ford Transit Connect XL,$16500,Hartford
154,Convertible Car Seat,$25,Milwaukee
155,Highway 61 Collectibles 1966 Pontiac GTO Hardtop Diecast Car,$100,Southside Milwaukee Near Miller Park
156,GMC Sierra 3500 Crew Cab 2016,$51400,PEWAUKEE
157,Ford Model T w/ Center Door,$10500,Hartland
158,CAR HAULER TRAILER,$4900,Waukesha
159,1979 Chevorlet Malibu,$9500,Milwaukee
160,üöóüí® **2012 Audi Q5 2.0T,$7000,Elm Grove Area
161,1999 Honda CRV EX All wheel drive,$2600,Greenfield
162,Vintage Aurora AFX Devil's Ditch Slot Car Set,$100,Southside Milwaukee Near Miller Park
163,3 Car Seats,$10,New Berlin
164,Ford 9" Rear End Differential Race Car,$400,Watertown
165,Car headrest,$10,brookfield
166,KIA Rio 5 trunk cover remote key floor mat tire repair kits car accessories,$10,brookfield
167,cleaning tools Swiffer broom dust pan duster mops fan car cleaning,$5,brookfield
168,2011 Ford Escape XLT 4wd ...101k xx clean ...financing avail,$8995,Butler.....Butler Auto Werks
169,KIA Rio 5 trunk cover remote key floor mat tire repair kits car accessories,$10,brookfield
170,Heated car seat cushions,$10,Brookfield
171,Turn key race car / daily driver 2004 mini cooper S,$0,oakcreek
172,Car Detailing Equipment,$750,West Allis
173,2005 GMC Sierra SLE 1500 4X4 Z71,$3200,Spring Grove
174,2022 Toyota Highlander XLE AWD,$44500,oak creek
175,2000 Buick LeSabre,$1250,Brookfield
176,2009 CHEVROLET TRAVERSE LTZ FULLY LOADED,$4700,Mundelein IL
177,2000 ISUZU NPR FLATBED,$8700,Hartland
178,Vintage Car Screw Jack,$50,Milwaukee
179,2004 Jeep Liberty Sport 4x4 Good Service History  Nice!,$4995,AUTOHOUSE waukesha
180,2009 Acura TL SH-AWD,$6500,Milwaukee
181,2016 Hyundai Santa Fe Sport AWD-1 Owner! Heated Seats! B/U Cam! LOOK!,$13977,www.ezmotorcars.com for a free carfax report
182,2007 Chevy trailblazer four-wheel-drive,$2500,Greenfield wi
183,2008 VOLVO S40 2.4I LEATHER ALLOY GOOD TIRES CD 382771,$2500,WAUKEGANAUTOAUCTION.COM OPEN TO PUBLIC OVER 200 CARS WEEKLY
184,2007 Ford Fusion,$3500,West Allis
185,2004 Chevy suburban clean,$2900,Milwaukee
186,2005 Chrysler Sebring,$2800,Milwaukee
187,2012 Mercedes Benz GL450 4-Matic,$18500,Deforest
188,2010 MITSUBISHI OUTLANDER SE AWD GAS SAVER ALLOY GOOD TIRES 015018,$3900,WAUKEGANAUTOAUCTION.COM OPEN TO PUBLIC OVER 200 CARS WEEKLY
189,2001 Mercedes Benz SL500 Roadster,$18000,Deforest
190,2010 CHEVY MALIBU LS GAS SAVER ALLOY GOOD TIRES CD 220028,$2500,WAUKEGANAUTOAUCTION.COM OPEN TO PUBLIC OVER 200 CARS WEEKLY
191,2023 7x24 PJ Car Hauler Tilt Trailer T6242,$10999,Right Trailers
192,1968 Buick Electra 225 Convertible,$10500,Columbus Wisconsin
193,2013 Chevy Equinox,$9499,Oconomowoc
194,For Sale: 2003 Acura TL,$2800,Milwaukee
195,2019 INFINITI QX50 PURE !!Bad Credit No Creditüí• NO PROBLEM!!,$0,unknown
196,2017 GMC Sierra 2500HD SLT !!Bad Credit No Creditüí• NO PROBLEM!!,$0,unknown
197,2009 HYUNDAI SANTA FE LIMITED ALLOY GOOD TIRES CD 237721,$3200,WAUKEGANAUTOAUCTION.COM OPEN TO PUBLIC OVER 200 CARS WEEKLY
198,2006 Hyundai Santa Fe,$2475,Menomonee falls
199,2021 Dodge Durango R/T,$49500,Hartford
200,2011 Lincoln MKZ..all the toys  x clean ready togo ....,$6995,dons tire & auto center ...butler
201,2017 Porsche Macan Base !!Bad Credit No Creditüí• NO PROBLEM!!,$30000,unknown
202,2015 Nissan Murano Platinum !!Bad Credit No Creditüí• NO PROBLEM!!,$19500,unknown
203,2008 Ford explorer XLT xx clean / Financing avail.,$6995,Butler.....Butler Auto Werks
204,07 GMC Envoy SLE 4x4 ...2 owner 112k xx clean financing avail.,$6995,Butler.....Butler Auto Werks
205,1994 ford Econoline conversion van high top 108000 miles,$8500,unknown
206,2009 Audi A6 wagon,$5500,Menomonee Falls
207,2022 Chevrolet 3500 17ft Box Truck - Box Truck Liquidation Sale!,$57900,Crystal Lake
208,Lincoln Town Car 2000,$7800,Brookfield
209,64000 miles 2004 Cadillac SRX for parts only,$1900,East Troy
210,2005 TAURUS  45000 MILES,$4495,Waukesha
211,2011 DODGE NITRO HEAT 3.7L V6 ALLOY GOOD TIRES CD 561040,$4800,WAUKEGANAUTOAUCTION.COM OPEN TO PUBLIC OVER 200 CARS WEEKLY
212,2014 Volkswagen Passat 2.0L TDI SE 4dr Sedan 6M,$12935,unknown
213,2009 Nissan Altima 2.5 4dr Sedan,$3995,unknown
214,2016 Jeep Wrangler Unlimited Sport S 4x4 4dr SUV,$25835,unknown
215,2009 Toyota Venza FWD V6 4dr Crossover,$12935,unknown
216,2009 Toyota Venza FWD V6 4dr Crossover,$13935,unknown
217,2010 Toyota Sienna CE 7 Passenger 4dr Mini Van,$8935,unknown
218,2021 Toyota Camry SE !!Bad Credit No Creditüí• NO PROBLEM!!,$22500,unknown
219,2009 Toyota Camry Base 4dr Sedan 5A,$6995,unknown
220,2015 Toyota 4Runner SR5 !!Bad Credit No Creditüí• NO PROBLEM!!,$27500,unknown
221,MONEY TALKS AUTO SALES.....,$1,Milwaukee
222,2012 Toyota Venza LE FWD 4cyl 4dr Crossover,$14935,unknown
223,2012 Toyota Camry L 4dr Sedan,$12635,unknown
224,2013 Toyota Camry L 4dr Sedan,$13995,unknown
225,2012 Toyota RAV4 Sport 4x4 4dr SUV,$13955,unknown
226,2014 Toyota Sienna LE 8 Passenger 4dr Mini Van,$12935,unknown
227,2014 Toyota Sienna SE 8 Passenger 4dr Mini Van,$16935,unknown
228,2014 Toyota Corolla L 4dr Sedan 4A,$11935,unknown
229,2015 RAM 1500 Express 4x4 2dr Regular Cab 6.3 ft. SB Pickup,$17915,unknown
230,2019 RAM 1500 Classic Tradesman 4x4 4dr Crew Cab 5.5 ft. SB Pickup,$33955,unknown
231,2015 RAM 2500 Power Wagon Laramie 4x4 4dr Crew Cab 6.3 ft. SB Pi,$31935,unknown
232,2009 Lexus IS 250 Base AWD 4dr Sedan,$10955,unknown
233,2009 Jeep Grand Cherokee SRT8 4x4 4dr SUV,$15995,unknown
234,2011 Jeep Wrangler Unlimited Sahara 4x4 4dr SUV,$17935,unknown
235,2011 Jeep Wrangler Unlimited Sahara 4x4 4dr SUV,$19995,unknown
236,2013 Jeep Wrangler Unlimited Sahara 4x4 4dr SUV,$18935,unknown
237,2011 Jeep Grand Cherokee Overland 4x4 4dr SUV,$13935,unknown
238,2011 Jeep Liberty Sport 70th Anniversary 4x4 4dr SUV,$11995,unknown
239,2014 Jeep Grand Cherokee Limited 4x4 4dr SUV,$12955,unknown
240,2013 Jeep Wrangler Unlimited Sport 4x4 4dr SUV,$21995,unknown
241,2014 Jeep Grand Cherokee SRT 4x4 4dr SUV,$37995,unknown
242,2017 Jeep Wrangler Unlimited Sport 4x4 4dr SUV,$28935,unknown
243,2016 Jeep Wrangler Unlimited Sahara 4x4 4dr SUV,$29995,unknown
244,2017 Jeep Wrangler Unlimited Sport 4x4 4dr SUV,$22935,unknown
245,2016 Jeep Wrangler Unlimited Sahara 4x4 4dr SUV,$25995,unknown
246,2013 Honda CR-V EX L 4dr SUV,$17995,unknown
247,2017 Jeep Wrangler Unlimited Sport 4x4 4dr SUV,$26935,unknown
248,2010 Honda Odyssey EX L 4dr Mini Van,$10935,unknown
249,2021 Honda Civic Type R Limited Edition 4dr Hatchback,$49935,unknown
250,2019 Honda Accord Sport 4dr Sedan (2.0T I4 10A),$26935,unknown
251,2016 Honda Civic LX 4dr Sedan CVT,$14935,unknown
252,2019 Ford F350 SUPER DUTY 4X4 CREW UTILITY SERVICE BODY,$52995,Loyal
253,2017 Honda Accord LX 4dr Sedan CVT,$17935,unknown
254,2015 GMC Sierra 1500 SLE 4x4 4dr Double Cab 6.5 ft. SB,$27335,unknown
255,2008 GMC Sierra 1500 SLE1 4WD 2dr Regular Cab 6.5 ft. SB,$12935,unknown
256,2011 GMC Savana 1500 3dr Cargo Van,$19995,unknown
257,2017 GMC Sierra 1500 Denali 4x4 4dr Crew Cab 5.8 ft. SB,$46935,unknown
258,2017 GMC Sierra 1500 SLE 4x4 4dr Double Cab 6.5 ft. SB,$26995,unknown
259,2016 GMC Sierra 2500HD Denali 4x4 4dr Crew Cab SB,$38955,unknown
260,2022 BMW X3 i30 X-Drive,$45200,Milwaukee
261,2017 Ford F-150 XL 4x2 2dr Regular Cab 6.5 ft. SB,$15935,unknown
262,2018 Ford F-150 King Ranch 4x4 4dr SuperCrew 6.5 ft. SB,$27995,unknown
263,2018 Ford F-150 Lariat 4x4 4dr SuperCrew 6.5 ft. SB,$27995,unknown
264,2020 Ford F-150 Lariat 4x4 4dr SuperCrew 5.5 ft. SB,$33955,unknown
265,2005 Dodge Ram 1500 SRT-10 Base 2dr Regular Cab RWD SB,$26955,unknown
266,2013 Dodge Durango Citadel AWD 4dr SUV,$14915,unknown
267,2016 Chevrolet Silverado 1500 LS 4x4 2dr Regular Cab 6.5 ft. SB,$26935,unknown
268,2018 Chevrolet Silverado 2500HD Work Truck 4x4 4dr Double Cab LB,$25995,unknown
269,2014 Dodge Durango Citadel AWD 4dr SUV,$19995,unknown
270,2017 Dodge Durango GT 4dr SUV,$23995,unknown
271,2018 Toyota 4Runner SR5 4x4 4dr SUV,$39935,unknown
272,2017 RAM 1500 Express 4x4 2dr Regular Cab 6.3 ft. SB Pickup,$26935,unknown
273,2017 RAM Ram Pickup 1500 SLT 4x4 4dr Crew Cab 5.5 ft. SB Pickup,$25935,unknown
274,2015 Jeep Grand Cherokee Laredo 4x4 4dr SUV,$14955,unknown
275,2012 Toyota Prius C,$9000,Oak Creek
276,2013 Mazda MAZDA6 i Sport 4dr Sedan 6M,$11935,unknown
277,2010 Mazda MAZDA3 i Sport 4dr Sedan 5A,$8935,unknown
278,1985 Mazda RX-7 GS 2dr Hatchback,$9995,unknown
279,2014 Jeep Patriot Latitude 4dr SUV,$13935,unknown
280,2015 Jeep Cherokee Latitude 4x4 4dr SUV,$10935,unknown
281,2010 Honda CR-V,$11299,Waukesha WI
282,2016 GMC Terrain SLE 2 4dr SUV,$16935,unknown
283,2010 Ford E-Series E 350 SD 3dr Cargo Van,$12945,unknown
284,2012 Honda Odyssey LX 4dr Mini Van,$12935,unknown
285,2020 Chevrolet Silverado 1500 LT Trail Boss 4x4 4dr Crew Cab 5.8 ft. SB,$49935,unknown
286,2020 Ford F-150 Lariat 4x4 4dr SuperCrew 5.5 ft. SB,$49995,unknown
287,2015 Chevrolet Impala LT 4dr Sedan w/2LT,$14935,unknown
288,2002 STERLING DUMP WITH ONLY 27K ORIGINAL MILES! WOW,$29900,st joseph
289,2019 Volkswagen Golf 1.4T S 4dr Hatchback 8A,$15935,unknown
290,2000 Porsche Boxster Base 2dr Convertible,$8935,unknown
291,2020 Volkswagen Jetta 1.4T SE ULEV 4dr Sedan,$17935,unknown
292,2016 Nissan Sentra S 4dr Sedan CVT,$14935,unknown
293,2019 Nissan Sentra SL 4dr Sedan,$15935,unknown
294,2008 Land Rover Range Rover Sport Supercharged LE 4x4 4dr SUV,$9935,unknown
295,2020 Jeep Cherokee Latitude Plus 4x4 4dr SUV,$26935,unknown
296,2020 Mazda CX-5 Grand Touring AWD 4dr SUV,$25935,unknown
297,2008 Dodge Ram 1500,$12999,Waukesha WI
298,2017 GMC SAVANA 16' BOX TRUCK ***FINANCING AVAILABLE*** CALL TODAY,$22800,SWARTZ CREEK MI
299,2005 Silverado 2500HD 6.6 diesel,$22000,Milwaukee
300,2017 Volvo XC60 T5 Dynamic !!Bad Credit No Creditüí• NO PROBLEM!!,$21000,unknown
301,2015 Toyota Tacoma Base !!Bad Credit No Creditüí• NO PROBLEM!!,$26000,unknown
302,2021 Toyota Camry SE !!Bad Credit No Creditüí• NO PROBLEM!!,$23000,unknown
303,BUY HERE PAY HERE WITH SAME DAY FINANCING! BAD CREDIT? WE GET IT!,$0,unknown
304,2006 *Kenworth* *T800*,$43369,Kenworth T800
305,2012 Ford E250 Extended Cargo Van 1 Owner,$11900,Crystal Lake
306,2009 SUBARU FORESTER 2.5 X AWD GAS SAVER GOOD TIRES CD 717291,$3200,WAUKEGANAUTOAUCTION.COM OPEN TO PUBLIC OVER 200 CARS WEEKLY
307,2011 HONDA PILOT TOURING AWD SUV! REAR DVD!,$11950,MEEKER HILL AUTO SALES- GERMANTOWN
308,1998 Chevy Tahoe,$1800,unknown
309,New pioneer  bluetooth car,$100,Milwaukee
310,Auto/Car/ Truck steel service ramps rated for 7000 pounds,$80,Milwaukee
311,honda accord,$1100,Milwaukee
312,2011 ford truck,$7000,unknown
313,1996 Chevrolet Camaro Z28,$12900,Crystal Lake
314,2007 CHEVROLET TRAILBLAZER,$3999,MILWAUKEE WI
315,2016 BMW 428i X-Drive Convertible,$23900,Brookfiled
316,2004 FORD EXPLORER,$2999,MILWAUKEE WI
317,2004 LEXUS GS 300,$2999,ZION ILLINOIS
318,2005 SUBARU LEGACY,$3999,ZION ILLINOIS
319,2010 CHEVROLET SILVERADO,$9999,ZION ILLINOIS
320,2006 BMW 750LI,$7999,ZION ILLINOIS
321,2010 CADILLAC SRX,$7999,ZION ILLINOIS
322,2015 FORD FUSION,$6999,ZION ILLINOIS
323,2006 MERCEDES-BENZ C230 SPORT,$4999,ZION ILLINOIS
324,2010 NISSAN MURANO,$6999,ZION ILLINOIS
325,2003 ACURA MDX,$3999,ZION ILLINOIS
326,2005 INFINITI FX35,$10999,ZION ILLINOIS
327,2001 VOLVO S60,$2999,ZION ILLINOIS
328,2011 MERCURY MILAN,$4999,ZION ILLINOIS
329,2014 DODGE DART,$6999,ZION ILLINOIS
330,2008 NISSAN XTERRA,$2999,ZION ILLINOIS
331,2009 GMC ACADIA,$6999,ZION ILLINOIS
332,2004 HYUNDAI SANTA FE,$2999,ZION ILLINOIS
333,2007 TOYOTA CAMRY,$3999,ZION ILLINOIS
334,NEW 22' 7000 lb Car Hauler flatbed UTV trailer w/ rear slid ramps,$4195,Franksville
335,2014 Chrysler Town & Country Touring*Back up camera*Nav*DVD/TV*Sunroof,$10999,Car King in West Allis*10124 W. Greenfield Avenue
336,2012 Honda Civic*Keyless*Aux*Great miles per gallon*,$8999,Car King in West Allis*10124 W. Greenfield Avenue
337,2016 Kia Forte*136000 miles*Back up camera*Keyless*,$7999,Car King in West Allis*10124 W. Greenfield Avenue
338,2012 Ford Mustang*Leather*Shaker stereo with Aux*Keyless*,$10999,Car King in West Allis*10124 W. Greenfield Avenue
339,2013 Ford explorer awd low miles dvd/3rd seat/nav/cam-no rust,$10880,south OF milwaukee AREA 1 turn from I94/THATS ALL 1 turn
340,2015 Hyundai Sonata*Bluetooth*Back up camera*Keyless*,$8999,Car King in West Allis*10124 W. Greenfield Avenue
341,Model Car Kit 4-pak,$55,West Allis
342,2010 Mercedes GLK*4Matic*Keyless*Dual exhaust*Luggage rack*,$10999,Car King in West Allis*10124 W. Greenfield Avenue*
343,2015 Range Rover Evoque awd "MINT" 79106 mi CARFAX/records from day 1,$19980,south OF milwaukee AREA 1 turn from I94/THATS ALL 1 turn
344,2005 Ford Excursion Limited*161000 miles*Heated leather*Keyless*DVD*,$11999,Car King in West Allis*10124 W. Greenfield Avenue
345,2010 Subaru Outback AWD low miles serviced by SUBARU/no rust no dents,$9470,south OF milwaukee AREA 1 turn from I94/THATS ALL 1 turn
346,Freightliner Cascadia Kenworth T680  Peterbilt 579 - Available Now!,$0,Call Today About Factory Warranty with Down Payment!
347,2015 AUDI Q5 awd 1 OWNER maintained exclusively at AUDI lo mi CARFAX,$14680,south OF milwaukee AREA 1 turn from I94/THATS ALL 1 turn
348,2013 Subaru Outback 1 OWNER Premium AWD low miles bluetooth & CARFAX,$9980,kenosha 6 mi. direct east of I 94/on hwy 158
349,2013 NISSAN PATHFINDER SV 2WD,$9995,MuskegoWI
350,Diesel F350 Dodge12v  Cummins 3500 2500 f250 Turbo  power stroke,$0,unknown
351,3500 Dodge 12v Cummins f350 f250 Turbo diesel power stroke,$0,unknown
352,F350 ram3500 Dodge Cummins 12v Turbo diesel power stroke,$0,unknown
353,1975 Chevy C60 Grain Truck - 70575 Miles Showing - Single Axle,$0,unknown
354,2011 MAZDA 2 SPORT HATCH! 5 SPEED! 1 OWNER! 35 MPG!,$8950,MEEKER HILL AUTO SALES- GERMANTOWN
355,2010 HONDA CIVIC EX-L SEDAN! LEATHER! LOW MILES 131000!,$10995,MEEKER HILL AUTO SALES- GERMANTOWN
356,2011 INFINITI FX35 AWD SUV! 2 OWNERS! SERVICE RECORDS!,$13995,MEEKER HILL AUTO SALES- GERMANTOWN
357,2017 Ford 650 Super Duty Towtruck,$48000,Plant City
358,Honda civic 2002,$2000,Brandon
359,Thule Evolution 89x23 inch large cargo topper box travel car carrier in great co,$450,Brandon
360,2006 BMW 325ci,$6500,Tampa FL
361,2014 Cadillac ATS,$7500,Tampa FL
362,66k miles - 2003 Ford Taurus SEL Wagon,$2900,Tampa
363,2015 GMC Acadia,$10500,Palm Harbor
364,HPI RC drift car,$100,Plant city
365,04 Buick 125 mi,$2950,hillsborough co
366,2014 Toyota Corolla LE,$5500,Clearwater
367,‚òÖX5 40i AWD‚òÖ2020 BMW PANO ROOF 3.0L 1 OWNER FL SUV 39K MILES,$44995,TAMPA FL
368,‚òÖACCORD COUPE‚òÖ2011 HONDA LX-S 2.4L ONLY 116K MILES NEW TIRES FL CAR,$11500,TAMPAFL
369,‚òÖSLK 350 HARDTOP CONVERTIBLE‚òÖ2007 MERCEDES-BENZ 3.5L 6 SPEED,$14995,TAMPA FL
370,‚òÖARMADA SE‚òÖ2005 NISSAN 5.6L V8 9 PASSENGER CLEAN FL SUV,$6995,TAMPA FL
371,‚òÖSORENTO LX‚òÖ2013 KIA 2.4L 7 PASSENGER CLEAN FL SUV,$6995,TAMPA FL
372,‚òÖXTERRA S‚òÖ2013 NISSAN 4.0L V6 ONLY 125K MILES VERY CLEAN,$12995,TAMPA FL
373,‚òÖTRANSIT 5 PASSENGER LWB‚òÖ2018 FORD XLT 2.5L CLEAN FL 1 OWNER,$15995,TAMPA FL
374,‚òÖMINI ALL4‚òÖ2018 COOPER S AWD MOONROOF 2.0L TURBO 31 MPG NAV ALL OPTION,$25995,Tampa
375,‚òÖTUNDRA SR5‚òÖ2006 TOYOTA REG CAB 8FT BED 4.7L V8 NEW TIRES CLEAN,$8995,TAMPA FL
376,‚òÖMGB ROADSTER‚òÖ1975 MARK III 1.8L 4 SPEED NO RUST CLEAN,$7500,TAMPA FL
377,‚òÖTACOMA PRERUNNER‚òÖ2003 TOYOTA DOUB CAB SR5 2.7L CLEAN FL TRUCK,$10995,TAMPA FL
378,‚òÖG8‚òÖ2009 PONTIAC 3.6L V6 SUNROOF PRISTINE 2 OWNER FL CAR,$13995,TAMPA FL
379,‚òÖTRANSIT CONNECT XL‚òÖ2013 FORD NEW TIRES 2.0L CLEAN FL TRANSIT,$11995,TAMPA FL
380,club car golf cart,$1950,Seffner
381,Ford f150 extended cab 4wd 1999,$3800,Great running truck 4x4
382,2013 VW Passat TDI SEL 89k Diesel Fully Loaded,$8950,Spring Hill FL
383,Ford f150 truck daily driving 2000,$2100,great gas economy manual transmission
384,2003 Toyota Corolla LE ( Only 62k Original miles),$7000,Tampa FL
385,Ford f150 king ranch 4doors 2003,$2900,Please read the whole post
386,* 2015 Chevy Tahoe * POLICE Package * ONLY 75k Miles *,$16900,Palm Harbor
387,$$ CASH for CARS $$   -804-6045        SELL YOUR CAR TODAY,$500,Cash For Cars All Tampa Bay Area Junk Cars
388,2013 Chevrolet Chevy Impala LT Guaranteed Credit Approval!,$7500,+ SUNCOAST QUALITY CARS LLC
389,Barbie Pink Convertable Car in Box,$10,Tampa
390,Infiniti QX50 AWD 3.7 V6,$19995,Tampa
391,Collection of Vintage Car Jacks,$100,Pinellas Park
392,09 FORD EXPLORER EDDIE BAUER,$7500,Clearwater Florida
393,PIONEER SUPER TUNER CAR STEREO,$65,Gulfport
394,2006 Pontiac G6 GTP,$3000,Clearwater
395,Toyota Highlander/ 4Runner 2003 one Fl owner,$4700,Exceptional condition/all original
396,(727) Junk (755-1818) <------- JUNK CARS? (W/O Title),$500,Tampa Bay Area
397,Ford Explorer 2008,$3500,hillsborough co
398,2002 Ford Ranger XLT 89k Miles,$6200,Saint Petersburg
399,2015 Ram 1500 Crew Cab - Financing Available!,$18988,TAMPA
400,2016 Mercedes-Benz C-Class - Financing Available!,$21988,TAMPA
401,Ford ranger truck 2004 extended cab with lockable hard topper,$4300,Quality daily driving mid size truck
402,Infant car seat for sale,$30,Lutz / Land O Lakes
403,Chicco infant car seat,$30,Lutz / Land O Lakes
404,2015 Mercedes-Benz GL Class GL350 BEST PRICES IN TOWN NO GIMMICKS!!!!!!!!!,$17995,+ Five Star Auto Sales of Tampa
405,we buy junk cars,$123,TAMPA
406,Chevrolet Corvette,$19000,Plant City
407,Maxi-Cosi Car Seat,$60,Spring Hill
408,Used 2007 BMW 335i,$6500,Spring Hill
409,2015 BMW 3-Series 320i Sedan  BUY HERE / PAY HERE !!,$14995,+ Avin Enterprises Inc
410,2009 Ford Escape XLT,$2200,Tampa
411,2007 Honda Pilot,$3900,Tampa
412,2020 Tesla Model S - Financing Available!,$69988,TAMPA
413,2021 Ford Bronco Sport - Financing Available!,$28750,TAMPA
414,2023 Evolution D5 Ranger Golf cart / car / carts,$11999,hernando co
415,1997 Ford Ranger XLT,$4200,Saint Petersburg
416,2005 Chevy equinox,$2900,hillsborough co
417,2014 Mazda CX-5 Grand Touring,$9600,Trinity FL
418,1997 MUSTANG GT,$7500,HUDSON
419,1969 Chevrolet Bel Air,$1950,Tampa
420,2012 Nissan Murano SL AWD Mint Condition,$3995,Pasco County
421,2007 Audi Q7  3.6 Premium quattro AWD 4dr SUV,$8950,Pinellas Park
422,2011 Ford Expedition EL  Limited 4x4 4dr SUV,$14950,Pinellas Park
423,2013 Ford Expedition  Limited  4dr SUV,$0,Pinellas Park
424,2003 Dodge Durango Excellent Condition,$3900,Holiday
425,Custom 2017 Ford F-150 XLT Sport Lifted 4x4,$32500,Tampa
426,2008 Dodge Ram 1500 ST Quad Cab 2WD,$6990,Kissimmee FL
427,2013 Ford Fiesta SFE Mechanic's Special,$750,DTSP
428,2012 Volkswagen GTI 4-door,$8990,Kissimmee FL
429,2013 Toyota Prius 3 with only 52000 mi,$16900,St Petersburg
430,2010 Lexus GS 350 3.5L V6 Sunroof Bluetooth Back Up Camera,$11500,hillsborough co
431,2015 Honda Accord LX 2.4L Bluetooth Back Up Camera,$10800,hillsborough co
432,2012 Toyota Prius V Five Hybrid,$7900,Largo
433,2015 Ford F150 SuperCrew Cab F-150 F250 F-250 XLT Pickup 4D 5 1/2 ft 2,$23999,Sanford
434,2006 Jeep Grand Cherokee,$3900,Riverview
435,2023 Evolution D5 Ranger Golf cart / car / carts,$11999,hernando co
436,2007 Toyota Sienna XLE V6 3rd Row Seats Back Up Camera,$5880,hillsborough co
437,2011 Toyota Camry SE - One Owner No Accidents 6-Speed Manual,$4995,clearwater fl
438,2012 Jaguar XJL Portifolio,$13500,Kenneth City
439,2015 Ford F-250 Super Duty Extended Cab 1 Owner,$13900,Largo
440,2003 Suburban,$5700,hernando co
441,2006 Chevrolet Chevy Silverado 3500 Work Truck Crew Cab 4WD DRW  BUY HE,$17995,+ Avin Enterprises Inc
442,2013 Kia Sorento LX LX BEST PRICES IN TOWN NO GIMMICKS!!!!!!!!!,$10995,+ Five Star Auto Sales of Tampa
443,2014 Buick Verano Base  PAYMENT AS LOW AS $199,$8988,+ PAYMENT AS LOW $199 AND DOWN PAYMENTS AS LOW $499 --- WE W
444,CORVAIR CAR ENGINE PARTS ONLY,$1,Pinellas
445,2011 HONDA CIVIC 4DR,$1300,SEMINOLE
446,8.5x28 Enclosed Cargo Car Hauler Side by Side Hauler Storage Trailer,$15399,Hudson
447,Evolution Classic 4 Pro Golf cart / car / carts,$9399,hernando co
448,XXX  Silver Cadillac XLR 05'  XXX,$14600,Dunedin Fl
449,2015 Ford F350 Service Truck Tool Utility body Truck SERVICE TRUCK,$33500,40000 Miles!
450,2001 BMW X5 AWD,$2900,Largo
451,1999 dodge Dakota,$800,seminole
452,2013 Toyota RAV4 Limited,$13970,New Port Richey
453,2022 Toyota Avalon Hybrid XLE,$39000,Spring HIll
454,2009 Scion xB - Gas Saver 5-Speed Manual Cold A/C,$3695,clearwater fl
455,Ford Taurus wagon 1997,$1300,New Port Richey
456,2000 Cadillac Eldorado ESC,$4625,Thonotosassa
457,2014 Chevrolet Captiva Sport LTZ,$6900,Largo
458,Older Hot wheels kids car without charger or battery,$5,Largo
459,2014 Hyundai Elantra,$6650,Kenneth City
460,BMW 535I xDrive M Sport,$6000,Tampa FL
461,honda crv 97k miles,$7500,New Port Richey
462,2006 Buick Rainier,$5500,Clearwater
463,2011 Kia Sorento 2WD 4DR V6 LX 3RD ROW,$0,pinellas co
464,2007 Lexus,$3650,Palm Harbor
465,1993 Chevy S-10  4.3   SHORT BED,$3500,pasco npr
466,2018 GMC Sierra 1500 Base 4x2 4dr Double Cab 6.5 ft. SB,$20900,+ Gator Truck Center of Ocala
467,2017 Honda HR-V EX  PAYMENT AS LOW AS $199,$14988,+ PAYMENT AS LOW $199 AND DOWN PAYMENTS AS LOW $499 --- WE W
468,2017 BMW X5 sDrive35i  BUY HERE / PAY HERE !!,$19995,+ Avin Enterprises Inc
469,2014 Jeep Patriot 4WD 4DR SPORT,$0,pinellas co
470,2008 Mazda MX-5 Miata Sport CON BEST PRICES IN TOWN NO GIMMICKS!!!!!!!!!,$5995,+ Five Star Auto Sales of Tampa
471,2014 Kia Sedona 1 Owner,$4800,Largo
472,2008 VW NEW BEETLE SE CONV,$10990,Saint Petersburg
473,2021 DODGE 1500 BIG HORN MIDNITE ED Crew Cab HEMI 4X4 LIFTED TRUCK,$56995,CENTRAL FLORIDA
474,2014 Nissan Frontier SL SL BEST PRICES IN TOWN NO GIMMICKS!!!!!!!!!,$16995,+ Five Star Auto Sales of Tampa
475,2006 Toyota Tundra,$4395,Brandon
476,2020 Peterbilt 579 AUTO 527k FRESH ENGINE WITH WARRANTY,$69900,Tampa Bay FL
477,2016 Nissan Altima BEST PRICES IN TOWN NO GIMMICKS!!!!!!!!!,$12995,+ Five Star Auto Sales of Tampa
478,2014 Nissan Pathfinder Platinum Platinum BEST PRICES IN TOWN NO GIMMICKS!!!!!!!!,$11995,+ Five Star Auto Sales of Tampa
479,2019 Dodge Challenger R/T BEST PRICES IN TOWN NO GIMMICKS!!!!!!!!!,$26995,+ Five Star Auto Sales of Tampa
480,2018 Hyundai Elantra SE BEST PRICES IN TOWN NO GIMMICKS!!!!!!!!!,$11995,+ Five Star Auto Sales of Tampa
481,2014 Chevy 16FT Box Truck.,$6500,Tampa
482,2004 Toyota Sienna LE-$150 Down,$150,Hudson
483,2010 Nissan Sentra SR- $400 Down,$400,Hudson
484,2006 Mazda Mazda3 s- $200 Down,$200,Hudson
485,2022 GMC 1500 ELEVATION Crew Cab 4X4 LIFTED TRUCK - BACK UP CAM,$66995,CENTRAL FLORIDA
486,2005 Kia Sorento EX- $250 Down,$250,Hudson
487,reduced! TRUE ESTATE VEHICLE 2011 NISSAN VERSA,$2577,APOLLO BEACH
488,2005 Ford Five Hundred SEL 4dr Sedan 7275187811,$4900,Largo
489,2011 Volkswagen Tiguan S 4dr SUV 6A 7275187811,$7900,Largo
490,2012 Chevrolet Impala LS- $350 Down,$350,Hudson
491,2012 Ford Transit Connect XLT Premium 4dr Mini Van 7275187811,$11500,Largo
492,2010 Volkswagen Jetta SportWagen TDI 4dr Wagon 6A 7275187811,$7000,Largo
493,2014 Dodge Grand Caravan SE 4dr Mini Van 7275187811,$9900,Largo
494,2013 Chrysler Town and Country Touring L 4dr Mini Van 7275187811,$9700,Largo
495,2015 VW Eos Komfort edition SULEV ***ULTIMATE AUTOS OF TAMPA BAY***,$10500,6428 123rd Ave n unit 10-B Largo
496,2010 Dodge Ram 1500 SLT 4x4 4dr Crew Cab 5.5 ft. SB Pickup 7275187811,$14500,Largo
497,2009 VW Eos Lux ***ULTIMATE AUTOS OF TAMPA BAY***,$5995,6428 123rd Ave N Unit 10-B Largo
498,2015 Honda Odyssey Minivan EX-L - LOW MILES,$14900,ORLANDO
499,2004 Buick Rendezvous CXL-$150 Down,$150,Hudson
500,2005 Dodge Ram 1500 SLT 4dr Quad Cab 4WD SB 7275187811,$8900,Largo
501,2012 Volkswagen Jetta SportWagen S PZEV 4dr Wagon 6A 7275187811,$5700,Largo
502,2008 Chrysler Sebring Touring 2dr Convertible 7275187811,$5900,Largo
503,2011 Dodge Caliber Mainstreet 4dr Wagon 7275187811,$6200,Largo
504,2007 Dodge Ram 1500 SLT 4dr Quad Cab LB 7275187811,$10500,Largo
505,2010 Dodge Grand Caravan SE 4dr Mini Van 7275187811,$8700,Largo
506,2017 Ford Fiesta S 4dr Sedan 7275187811,$6500,Largo
507,2014 Chrysler Town and Country Touring 4dr Mini Van 7275187811,$13900,Largo
508,2015 BMW X1 sDrive28i 4dr SUV 7275187811,$11900,Largo
509,2020 DODGE 2500 TRADESMAN Crew Cab CUMMINS DIESEL 4X4 LIFTED TRUCK,$66995,CENTRAL FLORIDA
510,2010 Subaru Outback Premium,$4800,Tampa
511,2014 Mitsubishi Outlander SE,$5600,Largo
512,2021 DODGE 3500 TRADESMAN Crew Cab CUMMINS DIESEL DUALLY 4X4 FLATBED,$71995,CENTRAL FLORIDA
513,2020 CHEVY 2500HD HIGH COUNTRY Crew Cab LONG BED DURAMAX DIESEL 4X4,$73995,CENTRAL FLORIDA
514,This bike is located in Buckingham Bucks County PA 25 miles north of,$0,hillsborough co
515,TL/DR: 100% mechanically solid bike for transitioning to 26"/MTB,$0,hillsborough co
516,Evolution Classic 4 Pro Golf cart / car / carts,$9399,hernando co
517,1995 Nissan Maxima,$4000,Tampa
518,Dodge Grand Caravan Sto N Go 2013 6cyl. auto. a/c 118k miles Excellent,$8950,Sarasota
519,2011 HYUNDAI Sonata,$10495,Spring Hill
520,1979 Schwinn Women's Suburban 10 Speed Bicycle in Burgundy Mist -,$0,pinellas co
521,Die Cast Car Collection,$75,Seminole
522,2011 LEXUS ES350 / NAVIGATION BACK UP CAM / HEATED & COOLED SEATS,$9400,Clearwater
523,$5950...'07 TOYOTA SIENNA XLE VAN...PERFECT AUTOCHECK...LOW MILES,$5950,WHOLESALEAUTOMALL.COM (CENTRAL PINELLAS)
524,Car painted,$200,Tampa
525,1980 MERCEDES BENZ 450SL CONVERTABLE- GARAGE KEPT,$14900,OCALA
526,2009 Hyundai Sonata GLS  PAYMENT AS LOW AS $199,$3599,+ PAYMENT AS LOW $199 AND DOWN PAYMENTS AS LOW $499 --- WE W
527,2013 Toyota Prius 4 Dlx Solar Sunroof Pkg Leather Navigation JBL 141K,$12995,WWW.TAMPAHYBRIDS.COM
528,2009 Chevrolet Impala 1 Owner,$3000,Largo
529,2014 Mercedes-Benz GLK-Class GLK250 BlueTEC  BUY HERE / PAY HERE !!,$13995,+ Avin Enterprises Inc
530,2015 Nissan Murano S Guaranteed Credit Approval!,$12800,+ SUNCOAST QUALITY CARS LLC
531,2020 KIA RIO LX - 47011 miles - size of sentra  corolla  civic,$11500,Clearwater
532,Stratus Single Post 2 Post 4 Post Parking Scissor Car Lift Car Hoist ***FREE Shi,$2999,pinellas co
533,Red C Line Brompton Explore with Roller Rack - Excellent Condition - $,$0,pasco co
534,2014 Ford Explorer XLT XLT BEST PRICES IN TOWN NO GIMMICKS!!!!!!!!!,$15995,+ Five Star Auto Sales of Tampa
535,Stratus Single Post 2 Post 4 Post Parking Scissor Car Lift Car Hoist ***FREE Shi,$2999,hernando co
536,2003 Jeep Wrangler Sport,$15000,hillsborough co
537,2018 Mazda CX-3  - wagon,$0,Mazda CX-3 White
538,2016 Jeep Compass Sport - SUV,$0,Jeep Compass Gray
539,2005 Jeep Wrangler Unlimited,$0,hillsborough co
540,2013 Jeep Wrangler Unlimited Sport,$19995,hillsborough co
541,2013 Jeep Wrangler Freedom Edition,$19995,hillsborough co
542,2013 Jeep Wrangler Sport,$19995,hillsborough co
543,21' x 19' Two Car Garage Steel Metal Building Kit New In Box,$6250,Brooksville
544,2013 Jeep Wrangler Sport,$22900,hillsborough co
545,2014 Jeep Wrangler Unlimited Freedom Edition,$25995,hillsborough co
546,2014 Jeep Wrangler Unlimited Sahara,$26995,hillsborough co
547,2014 Jeep Wrangler Sahara,$29995,hillsborough co
548,2014 Jeep Wrangler Unlimited Sport,$23500,hillsborough co
549,2004 Jeep Wrangler Rubicon,$15000,hillsborough co
550,2015 Jeep Wrangler Unlimited Sport,$29500,hillsborough co
551,1997 Jeep Wrangler Sport,$12000,hillsborough co
552,2004 ford escape 4x4 XLT Ice cold AC runs great one owner,$1950,St. Petersburg
553,2016 Jeep Cherokee Latitude - SUV,$0,Jeep Cherokee Red
554,** 2013 MERCEDES-SPRINTER ** FLEET VEHICLE ** 78K MILES ** CARGO VAN *,$22995,NO DEALER FEES
555,2014 Jeep Wrangler Sport,$19995,hillsborough co
556,2014 Jeep Wrangler Unlimited Sahara,$28500,hillsborough co
557,2015 Jeep Wrangler Unlimited Sahara,$28995,hillsborough co
558,2003 Jeep Wrangler X,$14000,hillsborough co
559,1997 Chevy 3500 Lunch truck,$10500,Port Richey
560,Stratus Single Post 2 Post 4 Post Parking Scissor Car Lift Car Hoist ***FREE Shi,$2999,pasco co
561,2016 Tesla Model X P90D,$42600,hernando co
562,2016 RAM 1500 Rebel 4x4 4dr Crew Cab 5.5 ft. SB Pickup,$30900,+ Gator Truck Center of Ocala
563,2018 Ford SUPER DUTY F-350 F350 F 350 DRW XLT TURBO DIESEL DUALLY 4X4 NEW TIRES,$43995,+ Gulf Coast Auto Brokers
564,2015 Dodge Grand Caravan SXT Stow & Go,$5500,Largo
565,2013 HYUNDAI SONATA GLS,$4500,BROOKSVILLE
566,30 foot double car trailer enclosed 15k capacity axles 2017 storage,$5500,Pinellas county Seminole city west of tampa
567,2013 Jeep Wrangler Unlimited Clean Title Leather 4x4 ACAutoNICE!,$24500,We Have 100 Jeeps!!
568,09 FORD TAURUS,$4900,BROOKSVILLE
569,2001 - Ford F-350 7.2 liter V8 with dump bed,$15000,Tampa
570,2006 Honda Accord,$3500,Largo
571,2004 toyota  sienna,$2900,Trinity
572,09 SATURN VUE XE,$3300,BROOKSVILLE
573,FORD F150 SUPERCREW,$7975,WESLEY CHAPEL
574,2017 Nissan Versa SV Guaranteed Credit Approval!,$7500,+ SUNCOAST QUALITY CARS LLC
575,2011 Hyundai Santa Fe,$8970,New Port Richey
576,1982 Ford Ranger  $3500 negotiable,$3500,temple terrace
577,International 24' Box TruckDieselAutomaticHD Lift GateCargo Ramps,$31999,Clearwater
578,Oldcrash Any car Any Car Wanted,$1234,All Tampa Bay Area
579,04 Buick 125 mi,$2900,Clearwater
580,2005 Nissan Great Nissan Titan SE V8 -5.6 Liter Engine King Cab - 2WD,$3900,Tampa
581,Back to the Future delorean car,$50,pinellas co
582,whats are you waiting for text me right now and ride today!!,$0,port richey
583,2015 Kia Soul Base  PAYMENT AS LOW AS $199,$11999,+ PAYMENT AS LOW $199 AND DOWN PAYMENTS AS LOW $499 --- WE W
584,2010 CLUB CAR GOLF CART - USED,$3000,N.  4TH ST. & GANDY BLVD
585,2016 Ford F-250 Super Duty Diesel 4x4 4WD F250 King Ranch  4dr Crew Ca,$47900,Gator Truck Center
586,2011 Nissan Quest LE - Cold A/C Sunroofs Leather,$5495,clearwater fl
587,2012 BMW 3-Series 328i Sedan  BUY HERE / PAY HERE !!,$8995,+ Avin Enterprises Inc
588,VINTAGE CAR SHOW DASH PLAQUES,$5,WEEKI WACHEE
589,VINTAGE CAR SHOW DASH PLAQUES.,$5,WEEKI WACHEE
590,2013 BMW 328i,$8500,Largo
591,2017 BMW 5-Series 530xi Sport 530xi BEST PRICES IN TOWN NO GIMMICKS!!!!!!!!!,$24995,+ Five Star Auto Sales of Tampa
592,Ford 350 HD transit Van.,$34900,Saint Petersburg
593,We Pay Cash for Your Junk Car,$9377,All of Hernando County
594,2003 grand marquis,$4000,Saint petersburg
595,2018 Ford F150 XLT Super Crew 3.3L,$22999,New Port Richey
596,08 NISSAN ALTIMA 3.5 SE,$4300,BROOKSVILLE
597,2013 Jeep Wrangler Unlimited Sahara 2 Owners Clean Carfax AC Auto!,$0,We Have 100 Jeeps!!
598,2013 Toyota Prius Electric Two Hatchback,$12792,Call *(727) 800-4078* to Confirm Availability Instantly
599,1966 Mustang Convertible V8 Automatic,$30900,Deltona
600,2013 Kia Rio  SX Hatchback,$11991,Call *(727) 591-4706* to Confirm Availability Instantly
601,2010 Mercedes Benz E350,$9500,Thonotosassa
602,2012 Jeep Wrangler Sahara only 92K Miles 1 Owner Clean Carfax AC!,$23500,We Have 100 Jeeps!!
603,Ford Transit T250 Van HIGH CEILING ROOF Extended Cargo Van Work Van,$51900,T250* *T-250* High roof cargo van
604,Ford Transit Connect,$14995,Gainesville
605,2005 toyota sequoia,$3500,hillsborough co
606,2014 Dodge Grand Caravan SXT Stow And Go,$5900,Largo
607,2019 Subaru Forester AWD All Wheel Drive Sport SUV,$26918,Call *(813) 923-2119* to Confirm Availability Instantly
608,2013 Jeep Wrangler Unlimited 4X4 ~ 1-Owner ~ 1-Of A Kind ~We Finance ~,$18990,Tampa Bay Wholesale Cars inc.
609,2006 Chevrolet Malibu 4DR SDN LT W/0LT,$0,pinellas co
610,2014 Audi TT S-Line Quattro ~ AWD ~ Cabriolet ~ Fun in the Sun ~ LOOK,$14990,Tampa Bay Wholesale Cars inc.
611,Car for sale,$850,Tampa
612,2019 Tesla Model 3 ~ Standard Range Plus ~ 1-Owner Carfax ~ Save $,$25990,Tampa Bay Wholesale Cars inc.
613,2017 Subaru Forester AWD All Wheel Drive Touring SUV,$22897,Call *(727) 800-4078* to Confirm Availability Instantly
614,2018 Ford Explorer  Limited SUV,$26444,Call *(727) 591-4706* to Confirm Availability Instantly
615,Autobody car accident repair bumper repair dent repair,$0,Hillsborough pasco pinellas hernando
616,2013 Ford F-250 Super Duty Diesel 4x4 4WD F250 Platinum  4dr Crew Cab,$34900,Gator Truck Center
617,2010 HONDA INSIGHT,$4999,pasco co
618,Steel Buildings - 3 Car Garage Building,$3,Tampa Bay - Hillsborough
619,We buy any car for cash,$1000,PinellaspaseoHills counties
620,2012 Club Car Precedent,$5350,Oldsmar
621,Car Cover,$50,Tampa
622,Steel Buildings - 2 Car Garage Building,$3,Tampa Bay - Hernando
623,2006 Jeep Commander Base 4dr SUV 4WD,$6995,pinellas co
624,2014 Chrysler 200 Limited 2dr Convertible,$9495,pinellas co
625,2007 Dodge Ram 1500 SLT 4dr Quad Cab SB,$12495,pinellas co
626,2015 Cadillac XTS   Sedan,$19495,Call *(727) 800-4078* to Confirm Availability Instantly
627,2010 Mazda CX-7 i SV 4dr SUV,$8995,pinellas co
628,2016 Ford Focus SE 4dr Sedan,$9995,pinellas co
629,2012 Hyundai Sonata GLS 4dr Sedan 6A,$9295,pinellas co
630,2004 Cadillac SRX Base,$6495,Clearwater
631,1969 VW Buggie,$3500,St. Petersburg
632,2016 MINI Cooper Convertible  S Convertible,$20498,Call *(727) 474-1590* to Confirm Availability Instantly
633,2019 Chevrolet Camaro Chevy 1LT Convertible,$21259,Call *(813) 923-2119* to Confirm Availability Instantly
634,2014 BMW 4 Series  428i Convertible,$19991,Call *(727) 591-4706* to Confirm Availability Instantly
635,$6950...2007 CHEVY COLORADO *CREWCAB* 4 DR PICKUP...LOW MILES..,$6950,WHOLESALEAUTOMALL.COM (CENTRAL PINELLAS)
636,2015 Volkswagen Jetta S,$8995,Clearwater
637,2010 explorer XLT 4x4  42K miles,$6900,Clearwater Florida
638,'06 SCION xB WAGON..**1 OWNER with PERFECT AUTOCHECK REPORT**,$4950,www.WHOLESALEAUTOMALL.COM ...Central Pinellas County
639,2013 Ford F-150 F150 F 150 Lariat 4x4 4dr SuperCrew Styleside 5.5 ft. SB,$21900,+ Gator Truck Center of Ocala
640,2005 Ford Mustang Convertible,$6000,Tampa
641,2010 Nissan Rogue S,$8295,Clearwater
642,2012 Kia Sorento LX,$5500,Largo
643,2017 Ford F150 XLT 4wd Super Crew,$19999,New Port Richey
644,2008 Saturn VUE FWD 4-Cylinder XE,$3395,1437 us 19 holiday fl 34691
645,2012 Hyundai Accent GLS 4-Door,$6195,1437 us 19 holiday fl 34691
646,2001 Toyota Sienna LE,$2995,1437 us 19 holiday fl 34691
647,2013 Hyundai Sonata GLS,$6995,1437 us 19 holiday fl 34691
648,2004 GMC Sierra 1500 Work Truck Ext. Cab Short Bed 2WD,$3995,1437 us 19 holiday fl 34691
649,Towncar '09 Black,$10500,Clearwater / Largo
650,2013 Ford Edge  SEL SUV,$12998,Call *(727) 800-4078* to Confirm Availability Instantly
651,2011 Volvo XC90 XC 90 I6 SUV,$9991,Call *(727) 591-4706* to Confirm Availability Instantly
652,2012 Ram 1500 SLT  PAYMENT AS LOW AS $199,$11599,+ PAYMENT AS LOW $199 AND DOWN PAYMENTS AS LOW $499 --- WE W
653,2006 Hyundai Sonata GLS V6,$4700,Pinellas park
654,2013 Honda Accord Sdn  EX-L Sedan,$16595,Call *(727) 312-1449* OR -- Habla espaol 727-236-0832
655,2017 Chevrolet Volt Chevy Electric Premier Sedan,$15697,Call *(727) 800-4078* to Confirm Availability Instantly
656,2019 Honda CR-V CRV Touring SUV,$28181,Call *(813) 923-2119* to Confirm Availability Instantly
657,2016 Toyota Highlander  LE Plus SUV,$23357,Call *(727) 474-0804* to Confirm Availability Instantly
658,2020 Toyota Corolla  SE Sedan,$18698,Call *(727) 800-4078* to Confirm Availability Instantly
659,2020 Chevrolet Equinox Chevy LT SUV,$18990,Call *(727) 800-4078* to Confirm Availability Instantly
660,2020 Toyota Corolla  LE Sedan,$19998,Call *(727) 800-4078* to Confirm Availability Instantly
661,2016 Toyota RAV4 RAV 4 XLE SUV,$18499,Call *(727) 800-4078* to Confirm Availability Instantly
662,2021 Toyota Corolla Certified LE Sedan,$19997,Call *(727) 800-4078* to Confirm Availability Instantly
663,2020 Nissan Sentra  S Sedan,$18997,Call *(727) 800-4078* to Confirm Availability Instantly
664,2012 Toyota 4Runner 4x4 4WD 4 Runner Limited SUV,$19354,Call *(727) 800-4078* to Confirm Availability Instantly
665,2016 Jeep Wrangler Unlimited 4x4 4WD SUV Sport Convertible,$26995,Call *(727) 591-4706* to Confirm Availability Instantly
666,2020 Toyota Corolla Certified LE Sedan,$17490,Call *(727) 800-4078* to Confirm Availability Instantly
667,2013 Hyundai Elantra  Limited Sedan,$10951,Call *(727) 800-4078* to Confirm Availability Instantly
668,2020 Toyota Corolla Certified LE Sedan,$17590,Call *(727) 800-4078* to Confirm Availability Instantly
669,2020 Toyota Corolla Certified LE Sedan,$19998,Call *(727) 800-4078* to Confirm Availability Instantly
670,2006 Porsche Cayenne S **70K MILES**,$8900,New Port Richey
671,2017 Kia Sorento  LX V6 SUV,$17990,Call *(727) 800-4078* to Confirm Availability Instantly
672,2016 Jeep Wrangler 4x4 4WD SUV Sahara Convertible,$24997,Call *(727) 800-4078* to Confirm Availability Instantly
673,2012 RAM 2500 Diesel 4x4 4WD Dodge Laramie  4dr Mega Cab 6.3 ft. SB Pi,$29900,Gator Truck Center
674,2015 *Toyota* *Avalon *XLE* SILVER,$17988,Drive Nation USA
675,2008 *Lexus* *ES 350 *4dr Sedan* RED,$8988,Drive Nation USA
676,2012 Toyota Prius 3 Hybrid Navigation Camera UPGRADED HEAD GASKET!,$7995,WWW.TAMPAHYBRIDS.COM
677,2014 *Chrysler* *200 *4dr Sedan LX* SILVER,$9488,Drive Nation USA
678,2010 *Honda* *Accord Coupe *2dr I4 Automatic EX* BLUE,$9488,Drive Nation USA
679,2005 *Buick* *Rendezvous *4dr FWD* TAN,$7988,Drive Nation USA
680,2008 *Buick* *Lucerne *CXL* RED,$7988,Drive Nation USA
681,2007 *Honda* *Accord Sedan *4dr I4 Automatic LX SE* WHI,$5988,Drive Nation USA
682,2014 *Chrysler* *200 *4dr Sedan Limited* BLACK,$7988,Drive Nation USA
683,2006 *Isuzu* *Ascender *4dr 2WD S* 86k Miles,$6988,Drive Nation USA
684,2004 *Mercury* *Grand Marquis *GS* 29k Miles,$10988,Drive Nation USA
685,2010 *Ford* *Fusion * SEL* 60K Miles,$9988,Drive Nation USA
686,2015 Mercedes-Benz C-Class C300 C 300 Sedan,$19992,Call *(813) 923-2119* to Confirm Availability Instantly
687,2011 *Chevrolet* *Impala *LT* SILVER,$6988,Drive Nation USA
688,2012 Chevrolet Camaro Chevy 2LT Convertible,$14351,Call *(727) 591-4706* to Confirm Availability Instantly
689,2006 Jeep Grand Cherokee Laredo 4X4,$3000,Largo
690,2018 Ford F150 Super Crew 4WD 5.0L,$20999,New Port Richey
691,2016 Honda Odyssey  Touring Elite Minivan Passenger,$20987,Call *(727) 474-1590* to Confirm Availability Instantly
692,2014 Jeep Wrangler 4x4 4WD SUV Sport Convertible,$16997,Call *(727) 800-4078* to Confirm Availability Instantly
693,2010 Jeep Wrangler Unlimited Sport 2 Owners Clean Title Auto AC!,$16995,We Have 100 Jeeps!!
694,2009 Jeep Wrangler Rubicon 4x4 2 Owners Accidents 40 Inch TireBIG,$14800,We Have 100 Jeeps!!
695,2020 Ford Mustang Shelby GT500 - One-owner - 4.5k miles - 853RWHP!,$94900,Wesley Chapel
696,2004 Jeep Wrangler Rubicon Clean Title 5 Speed Cold AC We Finance!,$14995,We Have 100 Jeeps!
697,2015 Nissan Rogue Select S - wagon,$0,Nissan Rogue Black
698,I WILL DRIVE YOUR CAR TO NEW YORK OR CONNECTICUT,$0,pinellas co
699,2015 Nissan Murano Platinum - SUV,$0,Nissan Murano Black
700,2011 Honda Element 4WD 5DR EX,$0,pinellas co
701,LOW MILE LIMITED EDITION HYUNDAI SONATA ONLY $6395!!!!!!!!!!!!!!!!!!!!,$6395,WE PAY TOP DOLLAR FOR YOUR TRADE!!!!!!!!!!
702,2016 Kia Soul  - wagon,$0,Kia Soul Black
703,2011 Nissan cube,$5300,Largo
704,2013 Toyota Highlander 4x4 4WD Limited SUV,$17991,Call *(727) 591-4706* to Confirm Availability Instantly
705,2016 DODGE CHARGER PURSUIT POLICE PACKAGE LOW 90K MILES,$8995,Tampa Town and Country
706,2018 Toyota Corolla  LE Sedan,$13997,Call *(727) 800-4078* to Confirm Availability Instantly
707,2020 Hyundai Palisade  SEL SUV,$34995,Call *(727) 312-1449* OR -- Habla espaol 727-236-0832
708,2017 Honda CR-V CRV Touring SUV,$25995,Call *(727) 312-1449* OR -- Habla espaol 727-236-0832
709,8K MI JAGUAR XK8 CONVT. COLLECTOR QUALITY,$28000,Wimauma
710,2021 Buick Envision  Essence SUV,$30560,Call *(727) 312-1449* OR -- Habla espaol 727-236-0832
711,2021 Cadillac CT4  Luxury Sedan,$30990,Call *(727) 312-1449* OR -- Habla espaol 727-236-0832
712,2017 Honda Accord Sedan  EX Sedan,$21495,Call *(813) 923-2119* to Confirm Availability Instantly
713,2020 Mitsubishi Mirage  LE Hatchback,$16595,Call *(727) 312-1449* OR -- Habla espaol 727-236-0832
714,2019 Ford F-150 F150 F 150 XLT Financing Options Available!!!,$37683,+ Hopper Motorplex
715,2010 Mercury Mariner üòçüòç SUPER CLEAN üòçüòç,$6300,Dallas
716,2014 HYUNDAI ACCENT HATCHBACK ***Super Gas Saver***,$6500,Dallas
717,1995 Acura Integra 183K milesvery good condition $8990,$8990,Carrollton
718,Honda accord,$7000,Dallas
719,2004 Chevrolet Silverado 2500 4X4 One Owner 6.6L Duramax Diesel RARE,$29100,carrollton
720,2016 Ford F150 Super Crew XLT 2WD 5.0L V8 new transmission,$23900,carrollton
721,2015 Honda Accord EX-L Sedan 2.4L Leather sunroof backup camera,$15900,carrollton
722,2006 Ford Fusion Runs and Drives Good,$2850,South Fort Worth
723,2001 Ford F250 Super Duty Crew Cab Lariat 2WD 7.3L Diesel Power stroke,$23500,carrollton
724,1990 Chevy SS 454 pickup beautiful condition,$28500,Angleton
725,clean,$9999,Irving
726,2016 Acura MDX w/Tech *Online Approval*Bad Credit BK ITIN OK*,$21235,+ Dallas Auto Finance by Dallas Lease Returns Over 400 Vehic
727,2019 Chevrolet Chevy Tahoe Premier *Online Approval*Bad Credit BK ITIN OK*,$44057,+ Dallas Auto Finance by Dallas Lease Returns Over 400 Vehic
728,1955 Chevrolet 3100 Restomod,$38000,Angleton
729,2019 Honda Accord wont last long!,$1000,Arlington
730,Hot Buy Ranch/Work Truck!!!!,$19950,Plano
731,2013 Nissan Altima S,$5950,Dallas
732,FOR SALE 1978 CADILLAC ELDORADO,$12000,Rowlett
733,2019 Jeep Grand Cherokee Altitude *Online Approval*Bad Credit BK ITIN OK*,$30403,+ Dallas Auto Finance by Dallas Lease Returns Over 400 Vehic
734,Tactical TOMTOM High Speed ‚Äã‚ÄãMulti-Plug Car Charger: New shape powerful an,$7,Plano
735,2020 Nissan Armada Platinum,$34995,DFW
736,TOMTOM High Speed ‚Äã‚ÄãMulti-Plug Car Charger: New shape powerful and fast,$7,Plano
737,TOMTOM High Speed ‚Äã‚ÄãMulti-Plug Car Charger:  New shape powerful and fast,$7,Plano
738,2021 Nissan Altima 2.5 SV,$20995,DFW
739,High Speed ‚Äã‚ÄãMulti-Plug Car Charger:  New shape powerful and fast,$7,Plano
740,2016 Ram 2500 Laramie *Online Approval*Bad Credit BK ITIN OK*,$42690,+ Dallas Auto Finance by Dallas Lease Returns Over 400 Vehic
741,2021 Nissan Rouge SV,$23995,DFW
742,SUMMER SALES EVENT 2023,$999,south DFW
743,2017 Hyundai Santa Fe sport 82k mileage/SUV/CLEAN TITLE,$13800,Dallas/plano/ McKinney/Frisco/DFW
744,Jvc car stereo,$20,Duncanville
745,Alpine car stereo,$20,Duncanville
746,Club Car DS Electric Golf Cart,$2500,Cleburne
747,SUMMER SALES EVENT 2023,$999,south DFW
748,Trade my Club Car DS Electric Golf Cart,$0,Cleburne
749,2010 Honda Accord LX-S,$6900,Dallas
750,2017 Nissan Murano S *Online Approval*Bad Credit BK ITIN OK*,$24879,+ Dallas Auto Finance by Dallas Lease Returns Over 400 Vehic
751,2016 Hino 268  26 ft Box truck Liftgate,$44500,Dallas
752,3000 Lb 1.5 Ton Aluminum Racing Car Auto Floor Jack Low Profil,$100,FIRM
753,2016 Freightliner 26 ft Box Truck,$0,Dallas
754,2018 Ford Flex Limited *Online Approval*Bad Credit BK ITIN OK*,$24994,+ Dallas Auto Finance by Dallas Lease Returns Over 400 Vehic
755,antique classic car truck parts SWAPMEET,$0,CLAZ. ORG more pics
756,2009 CHEVROLET SILVERADO 1500 4X4,$13499,Garland
757,2015 BMW X5 sDrive35i *Online Approval*Bad Credit BK ITIN OK*,$21190,+ Dallas Auto Finance by Dallas Lease Returns Over 400 Vehic
758,1978 Ford F-150 XLT Ranger Supercab,$5000,Richardson
759,2013 FORD FIESTA WITH 117K MILES (FINANCING AVAILABLE),$1500,Denton
760,2011 DODGE CALIBER HEAT (160K MILES),$4900,Denton
761,2016 HYUNDAI ELANTRA (FINANCING AVAILABLE),$2000,Denton
762,2007 DODGE RAM 4X4 BIG HORN (5.7 HEMI),$9700,Denton
763,2021 Ram 1500 Quad Cab Big Horn Pickup 4D 6 1/3 ft 10766 Miles 4WD V8,$41990,dallas
764,2015 HONDA CROSSTOUR EXL SUV FULLY LOADED LEATHER SUNROOF 4 NEW TIRES,$10850,DALLAS
765,2017 DODGE GRAND CARAVAN SE 84 k miles/CLEAN CARFAX / STOW&GO,$12700,Dallas/Plano /McKinney/Frisco/NORTH DFW
766,Executive Luxury 2017 BMW 740i,$26000,Casa Linda Estates Dallas
767,2021 Mazda CX-9 Touring *Online Approval*Bad Credit BK ITIN OK*,$33634,+ Dallas Auto Finance by Dallas Lease Returns Over 400 Vehic
768,BEAUTIFUL 2014 GLK (Excellent Engine + many interior upgrades),$16000,Corinth
769,2016 Chevy Express 4500 Shuttle/Party/Limo/Church Bus,$13950,Kansas City
770,1987 Ford Extended Van,$2600,Princeton
771,2008 chevrolet Tahoe reliable,$7950,Dallas
772,1978 Jeep J10 J20 Pickup,$12000,El Paso
773,2020 Honda Odyssey EX-L w/Navi/RES *Online Approval*Bad Credit BK ITIN OK*,$38215,+ Dallas Auto Finance by Dallas Lease Returns Over 400 Vehic
774,2008 BMW 128 I,$5800,Dallas
775,2020 Kar Kaddy (KarKaddy) SS Foldable Car Dolly,$3990,Little Elm
776,2020 Kar Kaddy (KarKaddy) SS Foldable Car Dolly,$3990,Little Elm
777,2016 Lexus NX 200T,$26000,Plano
778,2001 Honda Prelude,$17995,Waxahachie
779,2014 Ford Focus Se Hatchback‚Ä¶Very Nice‚Ä¶Clean Title,$5500,Grand Prairie
780,2017 Huyndai Santa fe,$10900,Dallas
781,üöôüöôüöô clean Mercedes Benz c230‚Ä¶120k miles üöôüöôüöô,$3600,Mesquite
782,2021 Ford Edge SE *Online Approval*Bad Credit BK ITIN OK*,$28366,+ Dallas Auto Finance by Dallas Lease Returns Over 400 Vehic
783,2021 Chevrolet rst,$35000,north DFW
784,2008 Ford F-450 Lariat,$14900,Dallas
785,2003 Ford Expedition Eddie Bauer Edition,$3500,Dallas
786,1971 mercury comet gt,$1500,Grand Saline
787,2007 grand marquis. Runs good,$4200,North Richland Hills
788,2023 Toyota Highlander Platinum | 2.4T | Loaded with every option,$52000,Dallas
789,2013 BMW 128i,$9900,Dallas
790,Brand new 3 in 1 car seat protector/seat cover,$20,Allen
791,2004 Maserati 4200 Coupe Cambiocorsa,$19500,Alliance
792,1997 Chevy C1500 --- Belltech Equipped!!!,$11500,Albuquerque NM
793,SUMMER SALES EVENT 2023,$999,south DFW
794,2017 Toyota Camry XLE,$12900,Dallas
795,2014 dodge Charger 3.7,$5700,Arlington
796,1994 Chevrolet C1500 Silverado -- Harmon Edition,$11500,Albuquerque NM
797,2018 Jeep Grand Cherokee Limited *Online Approval*Bad Credit BK ITIN OK*,$25615,+ Dallas Auto Finance by Dallas Lease Returns Over 400 Vehic
798,Nice 2010 Honda Odyssey EX Mini-Van sale by owner,$4250,Plano
799,SUMMER SALES EVENT 2023,$999,south DFW
800,A fancy car bed with remote control lights sound mattress and blanket and pil,$250,Plano
801,1974 Cadilliac Eldorado Convertible,$3500,Fort Worth
802,2013 ford f-350 flat bed,$14500,Irving
803,2020 INFINITI Q50 RED SPORT 400 *Online Approval*Bad Credit BK ITIN OK*,$36940,+ Dallas Auto Finance by Dallas Lease Returns Over 400 Vehic
804,SUMMER SALES EVENT 2023,$999,south DFW
805,2016 FORD F350 XL REG-CAB DUALLY 2WD / 10FT UTILITY BED*6.7 DIESEL*57K MILES,$36900,dallas
806,2015 CHEVROLET 2500HD CREWCAB LT 2WD*6.0L V8 GAS*130K*C.L.E.A.N...,$25900,dallas
807,2021 club car onward,$11500,Sachse Tx
808,2021 FORD F250 CREWCAB LARIAT 4X4 / FX4*6.7 POWERSTROKE DIESEL*CLEAN!!!,$56900,dallas
809,2017 DODGE RAM 2500 CREWCAB LWB LONGHORN 4X4*6.7 DIESEL*C.L.E.A.N.........,$47477,dallas
810,METAL BUILDINGS CARPORT RV COVER STEEL GARAGE UTILITY SHED POLE BARN,$0,TEXAS
811,2018 DODGE RAM 3500 CREWCAB DUALLY FLATBED 4X4*6.7 DIESEL*83K MILES.......,$52900,dallas
812,2013 dodge avenger,$4000,Blum
813,SUMMER SALES EVENT 2023,$999,south DFW
814,2021 Toyota 4Runner TRD Off Road Premium *Online Approval*Bad Credit BK ITIN OK*,$44573,+ Dallas Auto Finance by Dallas Lease Returns Over 400 Vehic
815,$681/mo - 2017 Ford F250 F 250 F-250 Super Duty Cab XLT Pickup 4D 4 D,$24000,Ally Auto LLC
816,Truetone Car 8 Track Player,$75,Dallas
817,Mint 2003 Ram 1500,$11000,Denton
818,1993 MACK CH613 15' DUMP TRUCK E7-427HP 507K MILES 10 SPEED SPRING SUS,$0,Houston
819,2020 Chevrolet Malibu LT,$12995,DFW
820,2005 chevrolet suburban nice,$5950,Dallas
821,Car Magnets,$1,dallas forth worth
822,2021 Toyota Camry XSE V6 TRD,$25995,DFW
823,2007 ford 150,$7900,Dallas
824,MASSIVE SUMMER BLOW OUT SALE !!,$999,south DFW
825,1998 Dodge Ram 2500 Laramie SLT 5.9 Cummins Diesel 4x4 (121k Miles),$32800,Gateway
826,2018 Jeep Grand Cherokee Limited *Online Approval*Bad Credit BK ITIN OK*,$27375,+ Dallas Auto Finance by Dallas Lease Returns Over 400 Vehic
827,2015 Chrysler Town & Country Touring FWD,$7299,dallas
828,2018 Toyota Corolla LE,$13995,DFW
829,2004 Dodge Ram for sale or trade,$7900,Newark
830,2007 Lexus ES350,$6995,Euless
831,1998 dodge Durango V8 5.9 SLT 4 x 4 160000 miles automat second owner,$2400,fort worth
832,2010 TOYOTA CAMRY SE,$5850,Garland
833,2015 Hyundai Genesis 3.8 Sedan,$10999,north DFW
834,Car seat pet crate new,$40,Grapevine tx
835,2013 Kia Forte,$8000,Fort Worth
836,2019 GMC Terrain SLT///60k miles,$15999,north DFW
837,For sale OR take over lease,$24000,dallas
838,‚òÖ IN HOUSE FINANCING ‚òÖ 2015 Nissan Rogue ‚òÖ BUY HERE PAY HERE ‚òÖ,$0,dallas
839,2021 BMW X3 sDrive30i *Online Approval*Bad Credit BK ITIN OK*,$40125,+ Dallas Auto Finance by Dallas Lease Returns Over 400 Vehic
840,2005 Chevy 2500,$6000,Balch springs
841,2005 Honda Accord,$3999,Fort Worth Saginaw
842,Lightning mcqueen race car bed (twin),$30,north DFW
843,2011 Ford edge limited AWD V6,$4600,Allen
844,1991 Corvette Rare ZR1 6 Speed manual 45k miles 2 Tops SEE Video,$35900,MCKINNEY
845,2002 lexus rx 300 in good condition,$2600,Plano
846,CHRYSLER TOWN & COUNTRY MOBILITY HANDICAPPED WHEELCHAIR POWER RAMP VAN,$25900,Irving TX
847,2018 FORD TRANSIT 350 HIGH ROOF V6 CARGO GRIP VAN TOMMYGATE LIFTGATE,$29500,gardena
848,2010 International Pro Star Semi Truck,$31000,Mesquite Texas
849,üòÉüòÉüòÉ2013 nissan maxima ..nice !!üòÄüòÄ,$5500,Mesquite
850,Quality Vehicles Fair Prices: Kia Hyundai Nissan Honda Toyota Subaru,$0,$$ July Super Sale $$   Cargo Van  **DALLAS
851,2015 volkswagen jetta,$5800,Garland
852,2017 Ford Focus SE Hatchback,$6900,Hurst
853,2006 Ford Explorer Eddie Bauer,$5000,Mesquite
854,2021 Ford Edge SEL Sport Utility 4D ESPANOL ACCEPTAMOS PASAPORTE ITIN,$0,+ CarStopTexas.com
855,2000 NISSAN XTERRA 4X2 CLEAN TX TITLE 96K. MILES.,$3999,dallas
856,2011 Hyundai Elantra,$4700,Dallas
857,2021 Toyota Camry,$14000,dallas
858,2001 Acura CLS,$3000,Far North Dallas
859,2012 Scion tC Release Series 7.0 Hatchback Coupe 2D - WE FINANCE EVERYONE!,$0,+ Lake City Investment - Lewisville
860,2014 Nissan JUKE NISMO Sport Utility 4D - WE FINANCE EVERYONE!,$0,+ Lake City Investment - Denton
861,2019 Nissan NV2500 HD Cargo SV Van 3D - WE FINANCE EVERYONE!,$36900,+ Lake City Investment - 121
862,2014 Kia Optima LX 4dr Sedan,$7800,fort worth
863,2003 BMW 7 Series 745Li 4dr Sedan,$7800,fort worth
864,2005 Ford F-150 Lariat 4dr SuperCab Rwd Styleside 5.5 ft. SB,$4900,fort worth
865,2009 Mercury Mariner Premier V6 4dr SUV,$5800,fort worth
866,2010 Mercury Mountaineer Premier 4dr SUV,$6800,fort worth
867,Bottle Hydraulic Jack w 2 ton Duralast Safety stand Car vehicle,$20,Grapevine
868,2012 INFINITI G37x COUPE AWD FULLY LOADED LEATHER SUNROOF CAMERA CLEAN,$10850,dallas
869,2010 JEEP GRAND CHEROKEE LTD FULLY LOADED LEATHER NAVIGATION SUNROOF,$8450,Dallas tx
870,2015 KIA SEDONA SUPERCLEAN DRIVES PERFECT 3RD ROW SEAT CAMERA B/TOOTH,$7850,dallas tx
871,Set Amber PMCO 119 Car Truck Trailer Marker Light Signal,$20,dallas
872,2006 Jeep Liberty,$3800,Richardson
873,1941 Willy 1/24 scale The Racing Champions Blue 2 tone car hood opens 1998,$20,Grapevine
874,2013 Chrysler Town & Country,$7000,McKinney Tx
875,Project 1969 Chevrolet Camaro / 5.3 LS / 4L60E / Vintage AC,$45500,dallas
876,SUMMER SALES EVENT 2023,$999,south DFW
877,SUMMER SALES EVENT 2023,$999,south DFW
878,2013 Chevy Silverado 4x4,$9800,dallas
879,SUMMER SALES EVENT 2023,$999,south DFW
880,2023 Evolution D5 Ranger Golf cart / car / carts,$11999,fort worth
881,2005 Ford F150 5.4,$4700,Farmers Branch
882,2019 Chrysler 300 TOURING PRICED TO SELL!,$19900,Cars Of Dallas
883,2000 Jeep Wrangler Sport *LOW MILES! NEW 33s! *WWW.FUNJEEPS.COM,$18950,Specialty Autoplex Arlington
884,2006 Ford Econoline E-350 Super Duty *LOW MILES! *NEW TIRES! *WARRANTY,$24950,Specialty Autoplex Arlington
885,2023 Chevrolet Traverse Premier,$50444,_Chevrolet_ _Traverse_ _SUV_
886,2021 Chevrolet Suburban LS,$51555,_Chevrolet_ _Suburban_ _SUV_
887,2006 Chevrolet Silverado 2500HD Ext. Cab Short Bed 2WD *NEW TIRES!,$16950,Specialty Autoplex Arlington
888,2012 Honda Civic LX Sedan 5-Speed AT *LOW MILES! *NEW TIRES!,$14950,Specialty Autoplex Arlington
889,SUMMER SALES EVENT 2023,$999,south DFW
890,2005 Ford F250 FX4 bulletproofed,$14800,Aledo
891,In search of a Truck Car SUV or  Van,$0,North of Dallas
892,‚òÖ IN HOUSE FINANCING ‚òÖ2019 Mitsubishi Outlander‚òÖ BUY HERE PAY HERE ‚òÖ,$0,As Low As $999* down
893,1999 Honda Accord Ex,$3700,dallas
894,2013 Dodge Challenger SXT Auto X-Clean Black on BlackSharp Fast,$7995,Grand Prairie
895,2016 NISSAN SENTRA 1.8,$12999,dallas
896,GMC Terrain SLT 2011,$5200,Wylie
897,2015 INFINITI QX60 LOADED 3RD ROW SEAT NAVI LEATHER SUNROOF CAMERA DVD,$12800,DALLAS
898,2015 NISSIAN ROGUE 2.0T PREMIUM,$9999,dallas
899,2017 JEEP COMPASS LIMITED FULLY LOADED LEATHER SUNROOF BLUETOOTH,$9650,dallas tx
900,2005 Infiniti G35 Sedan,$1000,Denton
901,2003 Damon Class A RV Motorhome,$16500,Dallas
902,2020 CHEVROLET EXPRESS G2500 Van,$31990,+ Cardawg Auto Sales
903,2003 mercury grand marquis ls premium,$2900,Carrollton
904,Graco Booster Car Seat 2 in 1,$20,Nort Fort worth
905,MASSIVE SUMMER BLOW OUT SALE !!,$999,fort worth
906,2023 Evolution D5 Ranger Golf cart / car / carts,$11999,fort worth
907,SUMMER SALES EVENT 2023,$999,south DFW
908,SUMMER SALES EVENT,$999,south DFW
909,2019 Nissan Sentra S Sedan 4D - WE FINANCE EVERYONE!,$0,+ Lake City Investment - Lewisville
910,2016 GMC Sierra 1500 Crew Cab SLE Pickup 4D 5 3/4 ft - WE FINANCE EVERYONE!,$0,+ Lake City Investment - 121
911,2016 Kia Forte LX Sedan 4D - WE FINANCE EVERYONE!,$0,+ Lake City Investment - Denton
912,2019 Ford Flex Limited,$25744,_Ford_ _Flex_ _SUV_
913,2019 Dodge Grand Caravan SXT,$21570,_Dodge_ _Grand Caravan_ _Van_
914,2020 Cadillac XT4 Sport,$33510,_Cadillac_ _XT4_ _SUV_
915,2013 Freightliner Cascadia,$42000,Terrell TX
916,1954 Chevy Belair,$1500,fort worth
917,wanted - Non Running Club Car Golf Cart,$1,NE DFW Area
918,Small dog car seat,$20,The Colony
919,Dependable affordable,$2750,Denton
920,Mack Granite 2016 Dump Truck,$160000,Corsicana Tx
921,2017 Jeep Grand Cherokee Laredo Sport Utility 4D ESPANOL ACCEPTAMOS PASAPORTE IT,$0,+ CarStopTexas.com
922,2020 Toyota 4Runner Limited 4WD,$46550,FRISCO
923,2013 FORD FIESTA WITH 117K MILES (FINANCING AVAILABLE),$1500,Denton
924,2016 HYUNDAI ELANTRA (FINANCING AVAILABLE),$2000,Denton
925,2013 Red Chevy Cruze LT RS auto low,$3350,Addison
926,2012 Honda Accord 4cyl auto Nice,$6750,Addison
927,2004 Honda Civic auto 4cyl Nice,$4550,Addison
928,2014 Toyota Avalon Hybrid loaded Nice,$5500,Addison
929,2017 Nissan Altima 4cyl auto loaded 0ne owner  Nice,$6500,Addison
930,Ford Expedition EL Limited,$4250,Addison
931,2013 dodge ram 1500 SLT single cab V6 family-owned runs and drives,$7850,Plano
932,Low miles 1999 Lexus ES 300 sedan four-door automatic,$4900,Plano Texas
933,2012 dodge Advinger no credit application no requirement,$1300,Dallas
934,Saturn Aura 4cyl auto air Nice,$2950,Addison
935,2007 Mercedes S65 AMG S CLASS,$18650,Arlington
936,2003 Toyota Sequoia SR5 - Silver,$7500,Rowlett
937,2014 ford fusion no credit application no requirement,$1800,Dallas
938,2014 ford edge no requirement,$1800,Dallas
939,2010 Lincoln MKx no credit application no requirement,$1500,Dallas
940,CLASSIC '90 MERCEDES  BENZ 420 SEL! EXCELLENT CONDITION!,$5990,lewisville
941,2006 Mercedes CLK 350,$4500,dallas
942,TEXAS TOUR CAR BADGE - MODEL A FORD,$2,AUSTIN
943,2022 Ford Super Duty F-350 DRW LARIAT FX4 - SAVE $$$ NO CITY SALES TAX,$81955,Canyon State Trucks
944,2016 CHEVROLET SILVERADO 2500 HEAVY DUTY LT,$0,+ Cardawg Auto Sales
945,Trailer   Car Hauler & Equipment üöö,$4599,Valley View
946,SALE üî•üî•Trailer Car Hauler üèéüöóATV UTV Side by Sideüõ∫,$9999,Valley View
947,2014 Honda Civic Sedan 4dr LX,$11300,Dallas
948,2020 Ford Transit Connect Cargo Van XL Van 4D - WE FINANCE EVERYONE!,$0,+ Lake City Investment - 121
949,2014 INFINITI Q60 Coupe 2D - WE FINANCE EVERYONE!,$19999,+ Lake City Investment - Lewisville
950,2017 Toyota Tundra CrewMax SR5 Pickup 4D 5 1/2 ft - WE FINANCE EVERYONE!,$33900,+ Lake City Investment - Denton
951,2016 Toyota Tundra SR5,$25600,Denton
952,2010 Subaru Forester,$5800,dallas
953,1997 Saturn  low miles 78000,$750,Little Elm tx
954,‚òÖ WE WORK WITH BAD CREDIT ‚òÖ 2015 Nissan Rogue ‚òÖ HABLAMOS ESPANOL ‚òÖ,$0,As Low As $999* down
955,1984 Mercedes Benz 300DT,$9800,East Dallas
956,SUMMER SALES EVENT 2023,$999,south DFW
957,1998 dodge Durango V8 5.9 SLT 4 x 4 160000 miles automat second owner,$2700,fort worth
958,2013 RAM 2500 ONE OWNER! DIESEL! 4x4!,$29900,Forsyth MO
959,SUMMER SIZZLE SALE !!!!,$999,dallas
960,2017 Lincoln Continental,$17500,Granbury Tx.
961,2007 Honda Odyssey,$4950,Frisco
962,2020 KEYSTONE COUGAR 30 RKD,$39900,dallas
963,2015 FORD TRANSIT CONNECT ...LOADED W OPTIONS,$9975,Dallas
964,FREE 2 Large Car Chairs - 1819 Paxton Dr,$0,Carrollton
965,mitsubishi lancer,$3700,Dallas
966,1972 Chevrolet Nova / Built 454 / Automatic,$36500,dallas
967,2015 FORD TRANSIT*LOW ROOF*111K MILES* ONE OWNER*READY TO WORK*,$23985,(((FINANCING AVAILABLE*NO DL*NO SOCIAL*NO CREDIT* NO PROBLEM
968,HALLMARK KIDDIE CAR CLASSICS DUMP TRUCK CHRISTMAS ORNAMENT COLLECTION,$5,CAMPBELL
969,SUMMER SALES EVENT 2023,$999,south DFW
970,2018 Ram 1500 Sport Pickup 2D,$23500,DALLAS
971,Evolution Classic 4 Pro Golf cart / car / carts,$9399,fort worth
972,2020 Jeep Compass Limited - SUV,$0,Jeep Compass Black
973,Car/Truck USED Battery,$40,Dallas
974,SUMMER SALES EVENT 2023,$999,south DFW
975,Baby car seat,$70,Balch springs
976,1970 Olds 98,$5500,Denton
977,2020 Chevrolet Equinox LT - SUV,$0,Chevrolet Equinox Black
978,2019 Chevrolet Impala LT - sedan,$0,Chevrolet Impala Blue
979,2010 Toyota 4Runner 4x4 Top Condition Great & Safe Family SUV,$16850,Price Reduced * Low Mileage** Dallas
980,2018 Ram 2500 Tradesman 2WD Crew Cab 6.4L Hemi,$22500,Haltom City
981,2021 Chevrolet Equinox LT - SUV,$0,Chevrolet Equinox Silver
982,05 bmw x5 PART CAR & Other BMW Parts,$1,dallas
983,2020 Kia Soul GT-Line - wagon,$0,Kia Soul Gray
984,2019 Toyota Highlander LE Sport Utility 4D ESPANOL ACCEPTAMOS PASAPORTE ITIN,$0,+ CarStopTexas.com
985,EVERYTHING MUST GO!!,$999,south DFW
986,‚òÖ BUY HERE PAY HERE ‚òÖ 2015 Chevrolet Malibu ‚òÖ WE FINANCE ‚òÖ,$0,As Low As $999* down
987,New 2022 Advance Ev 6 Pass Six Passenger golf cart carts car,$11985,Keller Tx JBCarts com golf cart carts car
988,2014 Toyota 4Runner 4x4 Good Condition 7 Passenger Family & Safe SUV,$17850,Price Reduced * Dallas
989,Panasonic CQ-C7105U car audio player,$60,Irving
990,2013 Nissan Rogue SV Good Condition No Accident Low Mileage Gas Saver,$8850,Price Reduced** Great  & Safe vehicle ! ** Dallas
991,2012 nissan maxima runs good cold ac  18  inch wherls,$2950,Fort Worth
992,2002 CHEVY 3500 HEAVY DUTY,$5000,FT WORTH
993,2002 honda accord,$2000,Argyle
994,2004 ford escape,$4500,Arlington
995,$287/mo - 2018 KIA Soul Wagon 4D 4 D 4-D,$10999,Ally Auto LLC
996,2015 FORD E350 14' 14FT MOVING BOX STUDIO TRUCK CUTAWAY 7 FT LIFTGATE,$34999,gardena
997,2005 Honda Accord PART CAR,$1,dallas
998,2010 Dodge Journey SXT - PARTS CAR,$1,Dallas
999,MASSIVE SUMMER BLOW OUT SALE !!,$999,south DFW
1000,2018 Ram ProMaster City Wagon Van 4D - WE FINANCE EVERYONE!,$0,+ Lake City Investment - 121
1001,2008 FORD F350 SRW SUPER DUTY,$0,+ Cardawg Auto Sales
1002,2020 Ford Transit 250 Cargo Van Medium Roof w/LWB Van 3D - WE FINANCE EVERYONE!,$0,+ Lake City Investment - Denton
1003,2022 Ford Bronco - Financing Available!,$49999,mid cities
1004,2015 FORD TRANSIT T-250 CARGO VAN*LOW ROOF*READY TO WORK*CLEAN TITLE*,$18985,((FINANCING AVAILABLE*NO DL*NO SOCIAL*NO CREDIT* NO PROBLEM*
1005,2020 Ram ProMaster Cargo Van 2500 High Roof Van 3D - WE FINANCE EVERYONE!,$0,+ Lake City Investment - Lewisville
1006,2009 Hona Pilot EX-L,$9500,Arlington
1007,2011 GMC TERRAIN SLE-2 SUV clean title Drives good back camera FWD,$7499,Dallas NTX CARS
1008,SUMMER SIZZLE SALE !!!!,$999,south DFW
1009,2008 Mazda Tribute Good Condition No Accident Low Mileage Price Reduce,$7850,Gas Saver ** Safe vehicle  ** Dallas
1010,MASSIVE SUMMER BLOW OUT SALE !!,$999,south DFW
1011,05 Sprinter,$9500,Duncanville
1012,SUMMER SIZZLE SALE !!!!,$999,south DFW
1013,2013 Kia Optima EX-L Hybrid No Accident Low Mileage Gas Saver 39 MPG,$10850,$$ Price Reduced **  Safe Vehicle  ** Dallas
1014,2014 Hyundai Santa Fe Limited Fully Loaded 7 Passenger Low Mileage,$13950,$$ Price Reduced $$  Great & Safe Family SUV ** Dallas
1015,1976 MGB Part Car,$1,dallas
1016,2017 Dodge Grand Caravan SE Manual Rear-Entry,$35000,BEST BUY - AZ Mobility Center
1017,Jaguar XJ12 -1996 -84XXX Miles -Daily Driver,$8500,dallas
1018,2015 Dodge Grand Caravan SE Manual Side-Entry,$28900,BEST BUY - AZ Mobility Center
1019,2016 Chevrolet Silverado 2500HD LTZ Z71 Diesel,$35995,north DFW
1020,2019 Nissan NV 3500 HD SL 3dr Passenger Van Mini Van,$67999,BEST BUY - AZ Mobility Center
1021,2003 Ford Super Duty F-250 XLT 4WD STUDDED Diesel,$11995,north DFW
1022,SUMMER SALES EVENT 2023,$999,fort worth
1023,2018 Dodge Ram 3500 Laramie 4WD Dually Diesel,$47995,north DFW
1024,2008 Honda Odyssey Lx Good Condition Low Mileage No Accident 1 Owner,$7950,Great and Safe Family Van / Cargo-Van  **** Dallas
1025,2015 Ford Super Duty F-350 Lariat FX4 OffRoad Dually Diesel,$31995,north DFW
1026,SUMMER SALES EVENT,$999,mid cities
1027,2015 Ford Super Duty F-250 Lariat FX4 OffRoad Diesel,$23995,north DFW
1028,2005 Dodge Caravan,$2650,dallas
1029,2007 Honda Odyssey EXL Good Condition Low Mileage No Accident,$7950,$ Price Reduced $ Great Safe Family Van / Cargo Van** Dallas
1030,Evenflo Maestro Sport 2 in 1 Booster Car Seat.,$45,Nort Fort worth
1031,Stratus Single Post 2 Post 4 Post Parking Scissor Car Lift Car Hoist ***FREE Shi,$2999,mid cities
1032,2015 Mazda Mazda3 i Grand Touring,$14690,Irving
1033,2013 Chevy Express 1500 Cargo Van Top Condition 1 Owner  Gas Saver !!,$16850,$$ Price Reduced $$  Great Cargo Van ** Dallas
1034,FORD EXPLORER NEW TAGS,$2500,quinlan\ tx
1035,Stratus Single Post 2 Post 4 Post Parking Scissor Car Lift Car Hoist ***FREE Shi,$2999,north DFW
1036,Evolution Classic 4 Pro Golf cart / car / carts,$9399,fort worth
1037,‚òÖ BAD CREDIT FINANCING ‚òÖ 2015 Mitsubishi Lancer G ‚òÖ HABLAMOS ESPANOL ‚òÖ,$0,As Low As $999* down
1038,2013 Chevy Tahoe LTZ,$9400,dallas
1039,2019 CHEVROLET MALIBU LT,$18669,Weatherford
1040,2016 CHEVROLET SILVERADO 1500 4WD LT,$33333,Weatherford
1041,Dodge Mini-Van,$2500,Dallas
1042,2010 Buick Enclave CXL Top Condition 7 Passenger Low Mileage Must See!,$8950,Price Reduced  Great & Safe Family SUV ** Dallas
1043,2008 Toyota PRIUS  PRICED TO SELL!,$6750,Cars Of Dallas
1044,SUMMER SALES EVENT 2023,$999,fort worth
1045,2011 Buick Regal 4dr Sdn CXL-T w/1SP *Ltd Avail*,$9500,fort worth
1046,SUMMER SALES EVENT 2023,$999,mid cities
1047,2018 Chrysler 300,$15999,FORNEY
1048,2022 JEEP GLADIATOR Overland 4x4,$45995,Weatherford
1049,2020 CHEVROLET SILVERADO 1500 4WD RST,$45995,Weatherford
1050,2011 MERCEDES CLS550 !! ONLY 75K MILES ON IT,$14990,lewisville
1051,Dodge dart 2015,$5300,Dallas
1052,STRONG MERCEDES CLK CONVERTIBLE! RUNS AND LOOKS GREAT!,$4690,lewisville
1053,2012 MERCEDES BENZ E 350 !~RUNS  EXCELLENT!,$7990,lewisville
1054,2004 TOYOTA SIENNA XLE LIMITED 7 PASSENGER  Minivan CLEAN TITLE FWD,$6500,Dallas NTX CARS
1055,2016 CHEVROLET IMPALA,$9999,FORNEY
1056,2017 GMC SIERRA 1500 4WD Denali,$33333,Weatherford
1057,2019 HONDA CIVIC SPORT,$15400,DENTONTX
1058,2010 f250 Super Duty,$14500,Denison
1059,2014 DODGE CHARGER SXT PLUS/100TH ANIVERSARY,$12400,DENTON
1060,YOUR INCOME IS YOUR CREDIT WE  ARE  INCOME BASED CREDIT DOESNT AT ALL,$1000,Arlington we close at 8
1061,Dodge dart 2015,$5200,Dallas
1062,2015 HONDA CR-V LX,$13700,DENTON
1063,2006 Toyota Tacoma Pre Runner for Sale,$6300,Dallas
1064,üõëI DONT GIVE A D@%# ABOUT YOU HAVING REPOS I CAN HELP YOU NOW!!!üöôüöôüöô,$700,9402307348  Arlington SALES LINES OPEN 24/7
1065,2023 Toyota Corolla LE,$23827,7143236365
1066,2023 Toyota Tacoma SR,$39059,7143236365
